RANK,NAME,COINS_URL,PRICE,DIRECT_VOLUME,TOTAL_VOLUME,TIER_VOLUME,MARKET_CAP,RATING,PRICE_CHANGE,CHART
1,Bitcoin-BTC,https://www.cryptocompare.com/coins/btc/overview/USD,"$ 21,266.54",$ 1.85 B,$ 12.35 B,$ 12.23 B,$ 405.53 B,B+,"['$ 21,254.26', '$ 1,120.02', '$ 32.08', '$ 0.9990', '$ 0.3178', '$ 1.000', '$ 217.65', '$ 0.5000', '$ 0.06095', '$ 1.000', '$ 6.735', '$ 16.54', '$ 7.452', '$ 0.05795', '$ 45.93', '$ 0.3985', '$ 0.00000826', '$ 3.379', '$ 6.567', '$ 4.551', '$ 113.73', '$ 0.2324', '$ 0.9419', '$ 3.546', '$ 53.27', '$ 0.8652', '$ 1.753', '$ 0.8428', '$ 14.32', '$ 1.233', '$ 0.3109', '$ 0.03360', '$ 0.02360', '$ 0.1123', '$ 110.47', '$ 3.978', '$ 8.384', '$ 1.819', '$ 24.04', '$ 58.80', '$ 0.4540', '$ 5.456', '$ 0.2839', '$ 5.642', '$ 0.3291', '$ 0.009241', '$ 0.7166', '$ 1.421', '$ 9.202', '$ 1.420', '$ 0.00006023', '$ 8.407', '$ 0.3766', '$ 21,253.10', '$ 2.979', '$ 5.477', '$ 0.7049', '$ 0.4460', '$ 0.02700', '$ 0.8751', '$ 1.000', '$ 0.006615', '$ 0.003102', '$ 0.6245', '$ 10.46', '$ 61.83', '$ 52.88', '$ 0.04919', '$ 0.09520', '$ 106.29', '$ 1.004', '$ 1.391', '$ 1.369', '$ 530.55', '$ 50.76', '$ 0.05757', '$ 2.683', '$ 0.0001113', '$ 0.3670', '$ 0.02110', '$ 0.2149', '$ 0.1127', '$ 760.42', '$ 1,852.21', '$ 1.053', '$ 1.716', '$ 0.7475', '$ 1.880', '$ 43.15', '$ 0.8632', '$ 0.02620', '$ 1.177', '$ 0.1012', '$ 0.6056', '$ 4,893.66', '$ 0.06836', '$ 0.1089', '$ 1.509', '$ 0.1476', '$ 0.4091']",https://images.cryptocompare.com/sparkchart/BTC/USD/latest.png?ts=1655401200
2,Ethereum-ETH,https://www.cryptocompare.com/coins/eth/overview/USD,"$ 1,120.29",$ 1.21 B,$ 8.79 B,$ 8.77 B,$ 135.77 B,B+,"['$ 1.85 B', '$ 1.21 B', '$ 432.55 M', '$ 670.42 M', '$ 88.54 M', '$ 11.42 M', '$ 55.57 M', '$ 150.42 M', '$ 67.29 M', '$ 54.30 M', '$ 98.18 M', '$ 90.21 M', '$ 63.50 M', '$ 74.19 M', '$ 40.57 M', '$ 63.38 M', '$ 54.87 M', '$ 2.91 M', '$ 40.27 M', '$ 8.39 M', '$ 30.53 M', '$ 12.84 M', '$ 18.75 M', '$ 51.89 M', '$ 2.88 M', '$ 4.64 M', '$ 492.87 k', '$ 20.63 M', '$ 8.12 M', '$ 180.04 k', '$ 26.48 M', '$ 1.16 M', '$ 3.47 M', '$ 25.10 M', '$ 5.06 M', '$ 13.92 M', '$ 4.12 M', '$ 8,883.98', '$ 24.70 M', '$ 18.65 M', '$ 2.90 M', '$ 3.07 M', '$ 9.73 M', '-', '$ 3.84 M', '$ 8.64 M', '$ 6.56 M', '$ 15.06 M', '$ 556.26 k', '$ 5.46 M', '$ 743.30 k', '$ 2.76 M', '$ 11.29 M', '$ 14.23 M', '$ 322.24', '$ 8.67 M', '$ 7.52 M', '$ 4.28 M', '-', '$ 9.70 M', '$ 39.61 k', '$ 2.43 M', '-', '$ 4.12 M', '$ 4.75 M', '$ 4.50 M', '$ 180.95 k', '$ 2.44 M', '$ 1.11 M', '$ 708.79', '$ 7.79 M', '$ 3.16 M', '-', '$ 3.32 M', '$ 3.82 M', '$ 28.23 M', '$ 3.76 M', '$ 0', '$ 244.74 k', '$ 841.74 k', '$ 367.95 k', '$ 6.60 M', '$ 5.50 M', '$ 763.88 k', '$ 0', '-', '-', '$ 3.40 M', '$ 2.55 M', '-', '$ 1.40 M', '$ 1.84 M', '$ 4.98 M', '$ 783.93 k', '$ 6.98 M', '$ 1.46 M', '$ 62.33 k', '$ 1.10 M', '$ 10.83 k', '$ 0']",https://images.cryptocompare.com/sparkchart/ETH/USD/latest.png?ts=1655401200
3,Solana-SOL,https://www.cryptocompare.com/coins/sol/overview/USD,$ 32.12,$ 432.50 M,$ 1.19 B,$ 1.19 B,$ 16.80 B,D,"['$ 12.34 B', '$ 8.79 B', '$ 1.19 B', '$ 1.15 B', '$ 948.32 M', '$ 862.75 M', '$ 836.49 M', '$ 832.00 M', '$ 706.34 M', '$ 615.82 M', '$ 476.88 M', '$ 449.01 M', '$ 381.28 M', '$ 376.44 M', '$ 301.41 M', '$ 252.75 M', '$ 227.52 M', '$ 181.11 M', '$ 178.90 M', '$ 160.10 M', '$ 154.58 M', '$ 145.85 M', '$ 143.74 M', '$ 158.98 M', '$ 120.65 M', '$ 119.33 M', '$ 118.93 M', '$ 118.10 M', '$ 114.56 M', '$ 101.67 M', '$ 97.81 M', '$ 94.36 M', '$ 94.90 M', '$ 91.80 M', '$ 87.87 M', '$ 84.82 M', '$ 78.45 M', '$ 75.66 M', '$ 72.56 M', '$ 68.71 M', '$ 66.34 M', '$ 66.73 M', '$ 66.62 M', '$ 63.07 M', '$ 62.07 M', '$ 60.56 M', '$ 59.47 M', '$ 59.18 M', '$ 60.11 M', '$ 55.39 M', '$ 54.96 M', '$ 55.04 M', '$ 54.73 M', '$ 52.27 M', '$ 46.17 M', '$ 44.97 M', '$ 44.19 M', '$ 43.74 M', '$ 43.59 M', '$ 40.63 M', '$ 40.56 M', '$ 39.16 M', '$ 38.65 M', '$ 37.99 M', '$ 39.59 M', '$ 37.91 M', '$ 36.68 M', '$ 35.02 M', '$ 35.33 M', '$ 33.44 M', '$ 33.07 M', '$ 32.77 M', '$ 32.70 M', '$ 33.00 M', '$ 31.21 M', '$ 30.57 M', '$ 30.45 M', '$ 30.48 M', '$ 29.82 M', '$ 29.53 M', '$ 28.36 M', '$ 28.29 M', '$ 27.69 M', '$ 27.64 M', '$ 27.31 M', '$ 27.08 M', '$ 26.46 M', '$ 26.51 M', '$ 25.39 M', '$ 26.19 M', '$ 24.07 M', '$ 25.01 M', '$ 22.51 M', '$ 22.89 M', '$ 26.10 M', '$ 21.71 M', '$ 21.61 M', '$ 20.68 M', '$ 20.58 M', '$ 3.18 M']",https://images.cryptocompare.com/sparkchart/SOL/USD/latest.png?ts=1655401200
4,Tether-USDT,https://www.cryptocompare.com/coins/usdt/overview/USD,$ 0.9990,$ 670.38 M,$ 1.15 B,$ 1.12 B,$ 69.97 B,,"['$ 12.23 B', '$ 8.76 B', '$ 1.19 B', '$ 1.12 B', '$ 943.51 M', '$ 862.75 M', '$ 836.49 M', '$ 830.86 M', '$ 700.25 M', '$ 607.06 M', '$ 468.66 M', '$ 448.74 M', '$ 381.28 M', '$ 368.93 M', '$ 300.81 M', '$ 245.87 M', '$ 227.52 M', '$ 181.11 M', '$ 178.58 M', '$ 159.43 M', '$ 151.16 M', '$ 145.85 M', '$ 141.13 M', '$ 139.87 M', '$ 120.65 M', '$ 119.33 M', '$ 118.93 M', '$ 117.45 M', '$ 106.69 M', '$ 101.47 M', '$ 97.81 M', '$ 94.36 M', '$ 93.97 M', '$ 91.48 M', '$ 87.87 M', '$ 84.82 M', '$ 77.93 M', '$ 75.66 M', '$ 72.56 M', '$ 68.71 M', '$ 66.34 M', '$ 66.73 M', '$ 66.62 M', '$ 63.07 M', '$ 62.04 M', '$ 60.56 M', '$ 58.64 M', '$ 58.40 M', '$ 56.61 M', '$ 55.39 M', '$ 54.96 M', '$ 54.85 M', '$ 54.73 M', '$ 51.87 M', '$ 45.79 M', '$ 44.90 M', '$ 44.19 M', '$ 43.70 M', '$ 43.59 M', '$ 40.63 M', '$ 40.56 M', '$ 39.16 M', '$ 38.65 M', '$ 37.99 M', '$ 37.51 M', '$ 37.08 M', '$ 36.68 M', '$ 34.99 M', '$ 34.11 M', '$ 33.44 M', '$ 33.07 M', '$ 32.77 M', '$ 32.70 M', '$ 33.00 M', '$ 31.21 M', '$ 30.57 M', '$ 30.45 M', '$ 30.48 M', '$ 29.82 M', '$ 29.53 M', '$ 28.36 M', '$ 28.29 M', '$ 27.69 M', '$ 27.64 M', '$ 27.31 M', '$ 27.08 M', '$ 26.46 M', '$ 26.51 M', '$ 25.39 M', '$ 24.13 M', '$ 24.07 M', '$ 22.65 M', '$ 22.51 M', '$ 22.25 M', '$ 22.19 M', '$ 21.71 M', '$ 21.61 M', '$ 20.68 M', '$ 20.58 M', '$ 3.18 M']",https://images.cryptocompare.com/sparkchart/USDT/USD/latest.png?ts=1655401200
5,XRP-XRP,https://www.cryptocompare.com/coins/xrp/overview/USD,$ 0.3179,$ 88.54 M,$ 948.54 M,$ 943.72 M,$ 31.79 B,C+,"['$ 405.30 B', '$ 135.73 B', '$ 16.78 B', '$ 69.97 B', '$ 31.78 B', '$ 17.67 B', '$ 35.54 B', '$ 16.72 B', '$ 6.05 B', '$ 54.62 B', '$ 6.74 B', '$ 6.70 B', '$ 8.97 B', '$ 7.82 B', '$ 3.24 B', '$ 3.99 B', '$ 4.87 B', '$ 2.42 B', '$ 1.96 B', '$ 494.01 M', '$ 2.17 B', '$ 628.25 M', '$ 996.06 M', '$ 3.55 B', '$ 1.27 B', '$ 2.60 B', '$ 75.44 M', '$ 1.85 B', '$ 3.87 B', '$ 1.23 B', '$ 2.26 B', '$ 544.85 M', '$ 2.03 B', '$ 5.62 B', '$ 2.00 B', '$ 3.98 B', '$ 63.21 M', '$ 909.50 M', '$ 7.58 B', '$ 940.80 M', '$ 192.95 M', '$ 1.20 B', '$ 283.90 M', '$ 56.42 M', '$ 493.65 M', '$ 462.05 M', '$ 1.43 B', '$ 1.31 B', '$ 920.20 M', '$ 282.52 M', '$ 415.97 M', '$ 840.70 M', '$ 517.40 M', '$ 5.73 B', '$ 448.02 M', '$ 2.65 B', '$ 1.25 B', '$ 446.00 M', '$ 267.33 M', '$ 228.40 M', '$ 854.64 M', '$ 661.50 M', '$ 93.06 M', '$ 3.66 B', '$ 1.27 B', '$ 775.94 M', '$ 1.01 B', '$ 491.90 M', '$ 846.22 M', '$ 41.67 M', '$ 243.67 M', '$ 157.38 M', '$ 91.19 M', '$ 21.22 M', '$ 489.90 M', '$ 2.17 B', '$ 288.79 M', '$ 110.58 M', '$ 104.73 M', '$ 233.39 M', '$ 214.90 M', '$ 3.41 B', '$ 743.41 M', '$ 620.16 M', '$ 130.68 M', '$ 317.14 M', '$ 74.75 M', '$ 263.66 M', '$ 465.18 M', '$ 86.32 M', '$ 353.57 M', '$ 1.18 B', '$ 1.05 B', '$ 908.40 M', '$ 179.43 M', '$ 1.44 B', '$ 108.89 M', '$ 1.56 B', '-', '$ 4.66 M']",https://images.cryptocompare.com/sparkchart/XRP/USD/latest.png?ts=1655401200
6,BUSD-BUSD,https://www.cryptocompare.com/coins/busd/overview/USD,$ 1.000,$ 11.42 M,$ 862.69 M,$ 862.69 M,$ 17.67 B,,"['B+', 'B+', 'D', '', 'C+', '', 'C-', 'B-', 'C', '', 'B-', '', 'B-', 'C', 'B-', 'B-', '', 'D', 'C', 'C-', 'C', 'C', 'C-', '', 'D+', 'B-', 'C', 'B-', 'C+', '', 'D+', 'C-', 'C-', 'B-', 'C+', 'B', 'C', 'C+', 'C+', 'B-', 'C', 'E+', 'C+', '', 'C+', '', '', 'C', 'C', 'B-', 'E', '', 'C+', '', '', 'D+', 'B-', 'C+', 'C+', 'C', '', 'C', 'C-', '', '', 'C+', 'C', '', '', '', 'C+', '', 'C', 'C-', 'E+', '', 'C', 'C', 'C', 'D+', 'C+', 'C+', 'B-', '', '', '', '', 'D', 'C+', 'C-', '', '', '', '', 'C', '', '', '', '', 'E-']",https://images.cryptocompare.com/sparkchart/BUSD/USD/latest.png?ts=1655401200
7,Binance Coin-BNB,https://www.cryptocompare.com/coins/bnb/overview/USD,$ 217.77,$ 55.57 M,$ 836.84 M,$ 836.84 M,$ 35.56 B,C-,"['0.87%', '0.68%', '8.31%', '-0.01%', '2.68%', '0.03%', '2.36%', '1.94%', '6.76%', '0.01%', '4.35%', '3.25%', '3.69%', '6.37%', '0.97%', '4.48%', '2.99%', '1.93%', '-0.95%', '3.64%', '-2.39%', '2.29%', '3.40%', '6.10%', '16.13%', '2.55%', '17.10%', '1.80%', '5.53%', '11.25%', '0.52%', '1.51%', '2.65%', '2.28%', '1.39%', '1.38%', '27.86%', '3.80%', '2.47%', '0.53%', '26.92%', '1.53%', '19.49%', '0.93%', '4.74%', '-0.09%', '4.17%', '3.87%', '1.78%', '5.34%', '3.67%', '-0.47%', '1.32%', '0.90%', '1.42%', '2.01%', '2.59%', '2.20%', '2.88%', '-4.58%', '-0.01%', '5.17%', '20.99%', '2.28%', '10.36%', '-3.54%', '6.88%', '1.19%', '4.28%', '16.02%', '3.12%', '11.55%', '3.84%', '-6.14%', '1.56%', '-1.77%', '1.51%', '5.37%', '6.50%', '13.44%', '2.09%', '1.17%', '3.51%', '1.48%', '1.72%', '7.09%', '-2.04%', '1.84%', '3.06%', '-0.22%', '-1.13%', '2.71%', '-0.59%', '5.34%', '1.63%', '5.12%', '2.43%', '1.34%', '5.19%', '104.73%']",https://images.cryptocompare.com/sparkchart/BNB/USD/latest.png?ts=1655401200
8,Cardano-ADA,https://www.cryptocompare.com/coins/ada/overview/USD,$ 0.5002,$ 150.41 M,$ 832.25 M,$ 831.10 M,$ 16.73 B,B-,"['$ 6.724', '$ 16.52', '$ 0.2320', '$ 3.972', '$ 8.382', '$ 1.817', '$ 58.81', '$ 0.2835', '$ 1.418', '$ 0.3760', '$ 21,226.44', '$ 2.976', '$ 0.7059', '$ 0.4454', '$ 0.02697', '$ 0.8751', '$ 0.006600', '$ 106.39', '$ 1.004', '$ 522.24', '$ 1.391', '$ 2.684', '$ 0.3670', '$ 0.2144', '$ 759.12', '$ 0.8630', '$ 0.1010', '$ 0.6038', '$ 4,896.54', '$ 0.1089', '$ 2.365', '$ 0.8770', '$ 31.81', '$ 1.000', '$ 1.657', '$ 37.75', '$ 0.03330', '$ 1.416', '$ 0.08740', '$ 0.002042', '$ 0.09110', '$ 0.6186', '$ 1.821', '$ 0.09777', '$ 0.6880', '$ 0.03855', '$ 0.1770', '$ 0.1288', '$ 1.415', '$ 0.004591', '$ 22.57', '$ 0.1841', '$ 3.593', '$ 4.468', '$ 0.001379', '$ 11.13', '$ 0.03585', '$ 0.6012', '$ 0.3978', '$ 0.01544', '$ 0.009122', '$ 1.193', '$ 3.241', '$ 218.20', '$ 0.08480', '$ 0.05413', '$ 0.1789', '$ 0.1990', '$ 19.78', '$ 10.00', '$ 379.44', '$ 0.03489', '$ 0.009001', '$ 1.421', '$ 0.2069', '$ 16.23', '$ 8.250', '$ 0.1683', '$ 0.2014', '$ 5.720', '$ 0.7925', '$ 0.2536', '$ 0.03387', '$ 57.54', '$ 0.1628', '$ 17.00', '$ 0.06314', '$ 0.004558', '$ 0.06048', '$ 0.3077', '$ 0.4363', '$ 0.08676', '$ 0.3417', '$ 0.07956', '$ 0.05314', '$ 0.1887', '$ 0.9231', '$ 0.1560', '$ 20.56', '$ 0.2392']",https://images.cryptocompare.com/sparkchart/ADA/USD/latest.png?ts=1655401200
9,TRON-TRX,https://www.cryptocompare.com/coins/trx/overview/USD,$ 0.06096,$ 67.29 M,$ 706.44 M,$ 700.35 M,$ 6.05 B,C,"['$ 98.20 M', '$ 90.25 M', '$ 12.84 M', '$ 13.94 M', '$ 4.12 M', '$ 8,883.98', '$ 18.65 M', '$ 9.73 M', '$ 5.47 M', '$ 11.30 M', '$ 14.23 M', '$ 322.24', '$ 7.53 M', '$ 4.28 M', '-', '$ 9.70 M', '$ 2.43 M', '$ 708.79', '$ 7.79 M', '$ 3.32 M', '$ 3.16 M', '$ 3.76 M', '$ 244.74 k', '$ 368.19 k', '$ 5.50 M', '-', '$ 4.98 M', '$ 783.94 k', '$ 6.98 M', '$ 62.33 k', '$ 710.90 k', '$ 1.85 M', '$ 3.04 M', '$ 6.49 M', '$ 1.46 M', '$ 3.49 M', '$ 309.63 k', '$ 1.19 M', '$ 1.59 M', '$ 1,991.48', '$ 1.72 M', '$ 1.15 M', '$ 2.29 M', '$ 2.46 M', '$ 7.12 M', '-', '$ 1.91 M', '$ 12.14 k', '$ 29.86 k', '$ 21.05 k', '$ 2.67 M', '$ 1,645.21', '-', '$ 505.91 k', '-', '$ 440.29 k', '$ 27.74 k', '$ 535.51 k', '-', '-', '$ 1.70 M', '$ 211.31 k', '$ 539.21 k', '-', '$ 384.72 k', '-', '$ 155.55 k', '$ 41.91 k', '$ 270.08 k', '$ 82.47 k', '-', '-', '$ 0', '$ 0', '-', '$ 1.03 M', '$ 398.88 k', '-', '$ 7,971.09', '$ 913.40 k', '$ 391.90 k', '-', '-', '$ 520.59 k', '$ 464.62 k', '$ 90.76 k', '$ 332.19 k', '-', '$ 0', '-', '-', '$ 4,478.76', '-', '$ 123.66 k', '-', '-', '$ 125.79 k', '-', '$ 73.59 k', '$ 0']",https://images.cryptocompare.com/sparkchart/TRX/USD/latest.png?ts=1655401200
10,USD Coin-USDC,https://www.cryptocompare.com/coins/usdc/overview/USD,$ 1.000,$ 54.29 M,$ 615.81 M,$ 607.06 M,$ 54.62 B,,"['$ 476.19 M', '$ 448.89 M', '$ 145.66 M', '$ 84.73 M', '$ 78.44 M', '$ 75.59 M', '$ 68.74 M', '$ 66.53 M', '$ 55.35 M', '$ 54.71 M', '$ 52.21 M', '$ 46.15 M', '$ 44.30 M', '$ 43.69 M', '$ 43.56 M', '$ 40.65 M', '$ 39.08 M', '$ 33.47 M', '$ 33.08 M', '$ 32.49 M', '$ 32.77 M', '$ 30.46 M', '$ 29.83 M', '$ 28.30 M', '$ 27.65 M', '$ 26.21 M', '$ 22.47 M', '$ 22.83 M', '$ 26.12 M', '$ 21.62 M', '$ 20.35 M', '$ 19.77 M', '$ 19.56 M', '$ 16.90 M', '$ 16.27 M', '$ 16.29 M', '$ 13.76 M', '$ 12.56 M', '$ 13.06 M', '$ 12.07 M', '$ 10.76 M', '$ 9.54 M', '$ 9.28 M', '$ 9.07 M', '$ 8.81 M', '$ 8.80 M', '$ 8.61 M', '$ 7.28 M', '$ 6.61 M', '$ 6.32 M', '$ 5.71 M', '$ 5.17 M', '$ 5.29 M', '$ 5.10 M', '$ 5.03 M', '$ 4.66 M', '$ 4.17 M', '$ 4.19 M', '$ 3.47 M', '$ 3.25 M', '$ 3.03 M', '$ 2.47 M', '$ 2.18 M', '$ 1.98 M', '$ 1.92 M', '$ 1.88 M', '$ 2.44 M', '$ 2.09 M', '$ 1.58 M', '$ 1.46 M', '$ 1.36 M', '$ 1.13 M', '$ 1.14 M', '$ 1.09 M', '$ 1.04 M', '$ 1.31 M', '$ 992.02 k', '$ 867.59 k', '$ 1.18 M', '$ 745.75 k', '$ 792.76 k', '$ 653.65 k', '$ 594.69 k', '$ 589.68 k', '$ 546.52 k', '$ 461.07 k', '$ 431.53 k', '$ 415.52 k', '$ 360.62 k', '$ 324.64 k', '$ 304.90 k', '$ 467.95 k', '$ 223.60 k', '$ 221.95 k', '$ 201.76 k', '$ 137.16 k', '$ 126.53 k', '$ 101.88 k', '$ 89.84 k', '$ 80.55 k']",https://images.cryptocompare.com/sparkchart/USDC/USD/latest.png?ts=1655401200
11,Chainlink-LINK,https://www.cryptocompare.com/coins/link/overview/USD,$ 6.738,$ 98.17 M,$ 477.06 M,$ 468.84 M,$ 6.74 B,B-,"['$ 467.98 M', '$ 448.62 M', '$ 145.66 M', '$ 84.73 M', '$ 77.92 M', '$ 75.59 M', '$ 68.74 M', '$ 66.53 M', '$ 55.35 M', '$ 54.71 M', '$ 51.81 M', '$ 45.78 M', '$ 44.30 M', '$ 43.66 M', '$ 43.56 M', '$ 40.65 M', '$ 39.08 M', '$ 33.47 M', '$ 33.08 M', '$ 32.49 M', '$ 32.77 M', '$ 30.46 M', '$ 29.83 M', '$ 28.30 M', '$ 27.65 M', '$ 24.14 M', '$ 22.47 M', '$ 22.18 M', '$ 22.21 M', '$ 21.62 M', '$ 20.35 M', '$ 19.66 M', '$ 19.56 M', '$ 16.75 M', '$ 15.39 M', '$ 15.24 M', '$ 13.39 M', '$ 12.56 M', '$ 12.18 M', '$ 11.95 M', '$ 10.73 M', '$ 9.46 M', '$ 9.28 M', '$ 9.07 M', '$ 8.81 M', '$ 8.80 M', '$ 8.61 M', '$ 7.28 M', '$ 6.61 M', '$ 6.32 M', '$ 5.71 M', '$ 5.17 M', '$ 5.16 M', '$ 5.10 M', '$ 5.03 M', '$ 4.66 M', '$ 4.17 M', '$ 4.12 M', '$ 3.47 M', '$ 3.25 M', '$ 2.98 M', '$ 2.37 M', '$ 2.18 M', '$ 1.98 M', '$ 1.92 M', '$ 1.88 M', '$ 1.85 M', '$ 1.57 M', '$ 1.53 M', '$ 1.46 M', '$ 1.36 M', '$ 1.13 M', '$ 1.13 M', '$ 1.09 M', '$ 1.04 M', '$ 1.03 M', '$ 992.02 k', '$ 867.59 k', '$ 816.44 k', '$ 745.75 k', '$ 723.87 k', '$ 653.65 k', '$ 594.69 k', '$ 589.68 k', '$ 546.52 k', '$ 461.07 k', '$ 431.53 k', '$ 415.52 k', '$ 360.62 k', '$ 324.64 k', '$ 304.90 k', '$ 248.64 k', '$ 223.60 k', '$ 221.95 k', '$ 201.76 k', '$ 137.16 k', '$ 126.53 k', '$ 101.88 k', '$ 89.84 k', '$ 80.55 k']",https://images.cryptocompare.com/sparkchart/LINK/USD/latest.png?ts=1655401200
12,Avalanche-AVAX,https://www.cryptocompare.com/coins/avax/overview/USD,$ 16.56,$ 90.21 M,$ 449.50 M,$ 449.23 M,$ 6.71 B,,"['$ 6.72 B', '$ 6.69 B', '$ 627.17 M', '$ 3.97 B', '$ 63.20 M', '$ 908.59 M', '$ 940.96 M', '$ 283.50 M', '$ 282.12 M', '$ 516.85 M', '$ 5.72 B', '$ 447.57 M', '$ 1.25 B', '$ 445.40 M', '$ 267.03 M', '$ 228.40 M', '$ 660.00 M', '$ 41.71 M', '$ 243.67 M', '$ 20.89 M', '$ 157.38 M', '$ 288.89 M', '$ 104.73 M', '$ 214.40 M', '$ 742.14 M', '$ 86.30 M', '$ 1.05 B', '$ 905.70 M', '$ 179.54 M', '$ 108.89 M', '$ 2.37 B', '$ 877.00 M', '$ 318.10 M', '$ 6.24 B', '$ 356.07 M', '$ 25.73 M', '$ 316.23 M', '$ 141.60 M', '$ 100.77 M', '$ 3.19 M', '$ 182.20 M', '$ 170.31 M', '$ 497.72 M', '$ 97.77 M', '$ 381.84 M', '$ 74.88 M', '$ 65.59 M', '$ 128.76 M', '$ 141.54 M', '$ 22.95 M', '$ 47.96 M', '$ 18.41 M', '$ 328.48 M', '$ 224.56 M', '$ 13.79 M', '$ 26.61 M', '$ 35.85 M', '$ 90.18 M', '$ 68.93 M', '$ 15.08 M', '$ 907.13 M', '$ 119.30 M', '$ 68.06 M', '$ 17.60 M', '$ 84.79 M', '$ 54.13 M', '$ 178.92 M', '$ 74.92 M', '$ 31.42 M', '$ 27.27 M', '$ 30.36 M', '$ 348.08 M', '$ 26.95 M', '$ 398.90 M', '$ 36.28 M', '$ 162.30 M', '$ 90.35 M', '$ 32.83 M', '$ 17.70 M', '$ 71.41 M', '$ 40.57 M', '$ 25.36 M', '$ 33.86 M', '$ 57.54 M', '$ 162.78 M', '$ 49.73 M', '$ 777.15 M', '$ 45.58 M', '$ 30.24 M', '$ 211.79 M', '$ 4.36 M', '$ 130.14 M', '$ 37.53 M', '$ 15.91 M', '$ 1.02 M', '$ 67.02 M', '$ 49.12 M', '$ 15.60 M', '$ 26.08 M', '$ 17.19 M']",https://images.cryptocompare.com/sparkchart/AVAX/USD/latest.png?ts=1655401200
13,Polkadot-DOT,https://www.cryptocompare.com/coins/dot/overview/USD,$ 7.454,$ 63.50 M,$ 381.35 M,$ 381.35 M,$ 8.97 B,B-,"['B-', '', 'C', 'B', 'C', 'C+', 'B-', 'C+', 'B-', 'C+', '', '', 'B-', 'C+', 'C+', 'C', 'C', '', 'C+', 'C-', '', 'C', 'C', 'C+', 'B-', 'C-', '', '', 'C', '', 'E+', 'D+', 'D', '', '', 'D', '', 'C', 'C-', 'E+', 'C', 'C', 'C+', 'C', '', '', '', '', 'C-', 'C-', 'C-', 'D+', '', '', 'D+', 'C-', '', '', 'C-', '', '', 'D+', '', '', 'C-', 'C-', '', '', '', '', '', '', 'D+', '', '', '', 'D+', 'D+', 'D+', '', 'D+', 'D+', 'D+', '', '', 'D+', '', '', 'D', '', '', 'D+', '', '', 'D', 'E', '', '', '', 'D+']",https://images.cryptocompare.com/sparkchart/DOT/USD/latest.png?ts=1655401200
14,Dogecoin-DOGE,https://www.cryptocompare.com/coins/doge/overview/USD,$ 0.05800,$ 74.19 M,$ 376.75 M,$ 369.24 M,$ 7.82 B,C,"['4.18%', '3.12%', '2.11%', '1.22%', '27.93%', '3.70%', '0.55%', '19.32%', '5.19%', '1.21%', '0.78%', '1.32%', '2.74%', '2.06%', '2.77%', '-4.58%', '4.93%', '16.13%', '3.12%', '-7.61%', '11.55%', '1.55%', '6.50%', '1.85%', '3.34%', '-0.24%', '-0.79%', '5.03%', '1.69%', '2.43%', '6.34%', '1.74%', '0.25%', '0.01%', '3.18%', '30.67%', '6.80%', '1.65%', '-2.36%', '1.23%', '3.17%', '-8.25%', '5.38%', '3.91%', '2.53%', '5.21%', '3.33%', '2.36%', '2.44%', '-2.48%', '5.42%', '3.81%', '-1.39%', '1.18%', '89.74%', '-1.24%', '11.16%', '-1.43%', '-1.89%', '1.09%', '-2.12%', '-1.57%', '1.03%', '2.79%', '5.09%', '2.75%', '-1.17%', '4.89%', '4.38%', '1.56%', '-1.53%', '3.73%', '2.38%', '4.78%', '0.92%', '1.44%', '4.30%', '2.48%', '10.03%', '-23.63%', '0.03%', '6.22%', '2.10%', '28.49%', '2.71%', '0.46%', '6.55%', '13.27%', '19.40%', '0.64%', '-5.72%', '6.23%', '8.11%', '5.75%', '10.53%', '0.38%', '5.35%', '0.65%', '-2.43%', '-0.59%']",https://images.cryptocompare.com/sparkchart/DOGE/USD/latest.png?ts=1655401200
15,Litecoin-LTC,https://www.cryptocompare.com/coins/ltc/overview/USD,$ 45.96,$ 40.57 M,$ 301.60 M,$ 300.99 M,$ 3.24 B,B-,"['$ 0.2318', '$ 0.8654', '$ 0.8422', '$ 14.30', '$ 1.242', '$ 1.421', '$ 8.364', '$ 0.4454', '$ 0.09495', '$ 0.05738', '$ 0.2145', '$ 1.509', '$ 0.003679', '$ 0.2291', '$ 0.3757', '$ 0.08685', '$ 3.340', '$ 0.5697', '$ 2.023', '$ 166.44', '$ 0.1315', '$ 0.06405', '$ 1.355', '$ 0.6612', '$ 1.391', '$ 0.2491', '$ 0.03307', '$ 0.02188', '$ 3.973', '$ 0.02359', '$ 2.060', '$ 0.004558', '$ 0.01657', '$ 0.001148', '$ 0.1889', '$ 0.2630', '$ 0.02398', '$ 2.907', '$ 0.009391', '$ 0.05274', '$ 3.564', '$ 0.0005834', '$ 0.1261', '$ 0.1135', '$ 24.89', '$ 0.03400', '$ 0.01508', '$ 0.004293', '$ 1.325', '$ 0.005738', '$ 0.05954', '$ 0.01258', '$ 0.002338', '$ 0.01211', '$ 0.02796', '$ 1.359', '-', '-', '$ 0.05142', '-', '$ 33.60', '$ 0.00003360', '-', '-', '$ 158.08', '$ 9.401', '$ 0.07583', '$ 0.2291', '$ 0.8395', '$ 0.0003920', '$ 9.408', '-', '$ 0.002124', '$ 0.06709', '-', '$ 0.0004247', '$ 0.00001299']",https://images.cryptocompare.com/sparkchart/LTC/USD/latest.png?ts=1655401200
16,Polygon-MATIC,https://www.cryptocompare.com/coins/matic/overview/USD,$ 0.3986,$ 63.38 M,$ 252.78 M,$ 245.90 M,$ 3.99 B,B-,"['$ 145.57 M', '$ 119.46 M', '$ 118.05 M', '$ 114.43 M', '$ 102.80 M', '$ 59.19 M', '$ 54.80 M', '$ 43.71 M', '$ 35.24 M', '$ 30.55 M', '$ 28.32 M', '$ 20.70 M', '$ 21.31 M', '$ 18.36 M', '$ 16.54 M', '$ 13.89 M', '$ 11.02 M', '$ 8.13 M', '$ 4.15 M', '$ 3.18 M', '$ 2.83 M', '$ 2.63 M', '$ 2.00 M', '$ 1.92 M', '$ 1.76 M', '$ 1.75 M', '$ 1.09 M', '$ 705.76 k', '$ 754.83 k', '$ 477.99 k', '$ 462.75 k', '$ 415.52 k', '$ 340.99 k', '$ 912.97 k', '$ 137.34 k', '$ 125.85 k', '$ 98.71 k', '$ 96.70 k', '$ 68.84 k', '$ 56.00 k', '$ 111.05 k', '$ 43.74 k', '$ 6,368.73', '$ 3,765.46', '$ 2,919.19', '$ 864.14', '$ 55.03 k', '$ 638.13', '$ 93.59 k', '$ 331.09', '$ 101.59 k', '$ 53.46', '$ 18.19', '$ 1e-12', '$ 0', '$ 104.06 k', '-', '-', '$ 13.12 k', '-', '$ 0', '$ 2,549.57', '-', '-', '$ 0', '$ 1.22 M', '$ 3e-15', '$ 13.61 k', '$ 0', '$ 0', '$ 0', '-', '$ 0', '$ 9,849.62', '-', '$ 0', '$ 0']",https://images.cryptocompare.com/sparkchart/MATIC/USD/latest.png?ts=1655401200
17,Shiba Inu-SHIB,https://www.cryptocompare.com/coins/shib/overview/USD,$ 0.00000827,$ 54.87 M,$ 227.73 M,$ 227.73 M,$ 4.88 B,,"['$ 145.57 M', '$ 119.46 M', '$ 117.40 M', '$ 106.57 M', '$ 102.59 M', '$ 58.41 M', '$ 54.61 M', '$ 43.67 M', '$ 34.03 M', '$ 30.55 M', '$ 28.32 M', '$ 20.70 M', '$ 20.26 M', '$ 18.36 M', '$ 16.54 M', '$ 13.73 M', '$ 11.02 M', '$ 7.96 M', '$ 4.15 M', '$ 3.05 M', '$ 2.83 M', '$ 2.40 M', '$ 1.96 M', '$ 1.92 M', '$ 1.76 M', '$ 1.75 M', '$ 1.09 M', '$ 705.76 k', '$ 708.06 k', '$ 477.99 k', '$ 462.75 k', '$ 415.52 k', '$ 338.14 k', '$ 325.44 k', '$ 137.34 k', '$ 125.85 k', '$ 98.71 k', '$ 96.70 k', '$ 68.84 k', '$ 26.24 k', '$ 12.51 k', '$ 8,845.43', '$ 6,368.73', '$ 2,683.16', '$ 2,650.46', '$ 864.14', '$ 826.86', '$ 638.13', '$ 471.96', '$ 331.09', '$ 324.75', '$ 53.46', '$ 18.59', '$ 1e-12', '$ 0', '$ 0', '-', '-', '$ 0', '-', '$ 0', '$ 0', '-', '-', '$ 0', '$ 0', '$ 0', '$ 0', '$ 0', '$ 0', '$ 0', '-', '$ 0', '$ 0', '-', '$ 0', '$ 0']",https://images.cryptocompare.com/sparkchart/SHIB/USD/latest.png?ts=1655401200
18,Near-NEAR,https://www.cryptocompare.com/coins/near/overview/USD,$ 3.379,$ 2.91 M,$ 181.09 M,$ 181.09 M,$ 2.42 B,D,"['$ 626.63 M', '$ 2.60 B', '$ 1.85 B', '$ 3.86 B', '$ 1.24 B', '$ 1.31 B', '$ 836.40 M', '$ 445.40 M', '$ 844.00 M', '$ 2.16 B', '$ 214.50 M', '$ 1.56 B', '$ 19.78 M', '$ 167.57 M', '$ 112.72 M', '$ 323.38 M', '$ 167.01 M', '$ 217.07 M', '$ 186.12 M', '$ 1.17 B', '$ 131.47 M', '$ 6.40 M', '$ 67.56 M', '$ 57.53 M', '$ 14.12 M', '$ 249.05 M', '$ 39.68 M', '$ 45.94 M', '$ 397.30 M', '$ 33.51 M', '$ 51.50 M', '$ 45.58 M', '$ 49.72 M', '$ 276.46 M', '$ 67.11 M', '$ 263.04 M', '$ 11.99 M', '$ 58.03 M', '$ 9.24 M', '$ 2.11 M', '$ 3.45 M', '$ 1.17 M', '$ 15.13 M', '$ 402.97 k', '$ 16.18 M', '$ 1.63 M', '$ 7.67 M', '$ 2.23 M', '$ 39.75 M', '$ 1.53 M', '$ 14.89 M', '$ 25.16 M', '$ 133.05 k', '$ 1,193.01', '$ 9.42 M', '$ 13.59 M', '-', '-', '$ 3.37 M', '-', '$ 672.05 k', '$ 739.85 k', '-', '-', '$ 1.69 M', '$ 376.03 k', '$ 1.52 M', '$ 4.58 M', '$ 28.01 M', '$ 509.63 k', '$ 470.39 k', '-', '$ 3.78 M', '$ 737.91 k', '-', '$ 297.90 k', '$ 12.99 k']",https://images.cryptocompare.com/sparkchart/NEAR/USD/latest.png?ts=1655401200
19,Cosmos-ATOM,https://www.cryptocompare.com/coins/atom/overview/USD,$ 6.573,$ 40.27 M,$ 179.05 M,$ 178.73 M,$ 1.96 B,C,"['C', 'B-', 'B-', 'C+', '', 'C', '', 'C+', '', '', 'C+', '', '', '', '', 'D', '', '', '', '', '', '', '', 'D+', '', 'C-', '', '', '', '', '', '', '', '', 'E', '', '', '', '', '', '', '', '', '', '', 'E-', 'D', 'E+', '', 'E+', '', '', 'E+', '', '', '', '', '', '', '', '', '', '', '', 'E-', '', '', '', '', '', '', '', '', '', '', '', '']",https://images.cryptocompare.com/sparkchart/ATOM/USD/latest.png?ts=1655401200
20,Waves-WAVES,https://www.cryptocompare.com/coins/waves/overview/USD,$ 4.544,$ 8.39 M,$ 159.85 M,$ 159.17 M,$ 493.25 M,C-,"['2.02%', '2.56%', '1.73%', '5.38%', '12.07%', '3.87%', '-0.98%', '2.09%', '4.01%', '-2.10%', '1.90%', '1.34%', '0.51%', '1.67%', '0.61%', '5.10%', '2.20%', '2.32%', '0.00%', '1.02%', '2.16%', '10.33%', '-0.67%', '0.16%', '1.89%', '9.86%', '3.43%', '3.29%', '3.85%', '3.66%', '0.49%', '13.27%', '5.46%', '-0.27%', '0.51%', '4.10%', '7.42%', '2.20%', '-1.61%', '7.79%', '-4.74%', '13.67%', '3.18%', '-5.11%', '-4.61%', '-6.73%', '-0.67%', '-13.72%', '3.31%', '-2.75%', '7.36%', '-3.68%', '10.92%', '0.84%', '0.69%', '6.58%', '0.00%', '0.00%', '2.48%', '0.00%', '0.69%', '0.69%', '0.00%', '0.00%', '-0.01%', '-1.34%', '0.69%', '-13.30%', '0.82%', '0.68%', '0.68%', '0.00%', '0.79%', '20.33%', '0.00%', '0.78%', '-0.01%']",https://images.cryptocompare.com/sparkchart/WAVES/USD/latest.png?ts=1655401200
21,Bitcoin Cash-BCH,https://www.cryptocompare.com/coins/bch/overview/USD,$ 113.78,$ 30.53 M,$ 154.64 M,$ 151.22 M,$ 2.17 B,C,"['2.02%', '2.56%', '1.73%', '5.38%', '12.07%', '3.87%', '-0.98%', '2.09%', '4.01%', '-2.10%', '1.90%', '1.34%', '0.51%', '1.67%', '0.61%', '5.10%', '2.20%', '2.32%', '0.00%', '1.02%', '2.16%', '10.33%', '-0.67%', '0.16%', '1.89%', '9.86%', '3.43%', '3.29%', '3.85%', '3.66%', '0.49%', '13.27%', '5.46%', '-0.27%', '0.51%', '4.10%', '7.42%', '2.20%', '-1.61%', '7.79%', '-4.74%', '13.67%', '3.18%', '-5.11%', '-4.61%', '-6.73%', '-0.67%', '-13.72%', '3.31%', '-2.75%', '7.36%', '-3.68%', '10.92%', '0.84%', '0.69%', '6.58%', '0.00%', '0.00%', '2.48%', '0.00%', '0.69%', '0.69%', '0.00%', '0.00%', '-0.01%', '-1.34%', '0.69%', '-13.30%', '0.82%', '0.68%', '0.68%', '0.00%', '0.79%', '20.33%', '0.00%', '0.78%', '-0.01%']",https://images.cryptocompare.com/sparkchart/BCH/USD/latest.png?ts=1655401200
22,Fantom-FTM,https://www.cryptocompare.com/coins/ftm/overview/USD,$ 0.2324,$ 12.84 M,$ 145.85 M,$ 145.85 M,$ 628.25 M,C,,https://images.cryptocompare.com/sparkchart/FTM/USD/latest.png?ts=1655401200
23,EOS-EOS,https://www.cryptocompare.com/coins/eos/overview/USD,$ 0.9419,$ 18.75 M,$ 143.73 M,$ 141.12 M,$ 996.06 M,C-,,https://images.cryptocompare.com/sparkchart/EOS/USD/latest.png?ts=1655401200
24,ApeCoin-APE,https://www.cryptocompare.com/coins/ape/overview/USD,$ 3.546,$ 51.89 M,$ 158.97 M,$ 139.86 M,$ 3.55 B,,,https://images.cryptocompare.com/sparkchart/APE/USD/latest.png?ts=1655401200
25,Elrond-EGLD,https://www.cryptocompare.com/coins/egld/overview/USD,$ 53.27,$ 2.88 M,$ 120.65 M,$ 120.65 M,$ 1.27 B,D+,,https://images.cryptocompare.com/sparkchart/EGLD/USD/latest.png?ts=1655401200
26,The Sandbox-SAND,https://www.cryptocompare.com/coins/sand/overview/USD,$ 0.8652,$ 4.64 M,$ 119.33 M,$ 119.33 M,$ 2.60 B,B-,,https://images.cryptocompare.com/sparkchart/SAND/USD/latest.png?ts=1655401200
27,Aragon-ANT,https://www.cryptocompare.com/coins/ant/overview/USD,$ 1.753,$ 492.87 k,$ 118.93 M,$ 118.93 M,$ 75.44 M,C,,https://images.cryptocompare.com/sparkchart/ANT/USD/latest.png?ts=1655401200
28,Decentraland-MANA,https://www.cryptocompare.com/coins/mana/overview/USD,$ 0.8437,$ 20.62 M,$ 118.22 M,$ 117.56 M,$ 1.85 B,B-,,https://images.cryptocompare.com/sparkchart/MANA/USD/latest.png?ts=1655401200
29,Axie Infinity Shards-AXS,https://www.cryptocompare.com/coins/axs/overview/USD,$ 14.34,$ 8.12 M,$ 114.72 M,$ 106.84 M,$ 3.87 B,C+,,https://images.cryptocompare.com/sparkchart/AXS/USD/latest.png?ts=1655401200
30,Theta-THETA,https://www.cryptocompare.com/coins/theta/overview/USD,$ 1.234,$ 180.04 k,$ 101.75 M,$ 101.55 M,$ 1.23 B,,,https://images.cryptocompare.com/sparkchart/THETA/USD/latest.png?ts=1655401200
31,Algorand-ALGO,https://www.cryptocompare.com/coins/algo/overview/USD,$ 0.3108,$ 26.48 M,$ 97.77 M,$ 97.77 M,$ 2.26 B,D+,,https://images.cryptocompare.com/sparkchart/ALGO/USD/latest.png?ts=1655401200
32,Zilliqa-ZIL,https://www.cryptocompare.com/coins/zil/overview/USD,$ 0.03360,$ 1.16 M,$ 94.36 M,$ 94.36 M,$ 544.85 M,C-,,https://images.cryptocompare.com/sparkchart/ZIL/USD/latest.png?ts=1655401200
33,VeChain-VET,https://www.cryptocompare.com/coins/vet/overview/USD,$ 0.02360,$ 3.47 M,$ 94.87 M,$ 93.94 M,$ 2.03 B,C-,,https://images.cryptocompare.com/sparkchart/VET/USD/latest.png?ts=1655401200
34,Stellar-XLM,https://www.cryptocompare.com/coins/xlm/overview/USD,$ 0.1124,$ 25.10 M,$ 91.88 M,$ 91.55 M,$ 5.62 B,B-,,https://images.cryptocompare.com/sparkchart/XLM/USD/latest.png?ts=1655401200
35,Monero-XMR,https://www.cryptocompare.com/coins/xmr/overview/USD,$ 110.47,$ 5.06 M,$ 87.80 M,$ 87.80 M,$ 2.00 B,C+,,https://images.cryptocompare.com/sparkchart/XMR/USD/latest.png?ts=1655401200
36,Uniswap Protocol Token-UNI,https://www.cryptocompare.com/coins/uni/overview/USD,$ 3.979,$ 13.92 M,$ 84.84 M,$ 84.84 M,$ 3.98 B,B,,https://images.cryptocompare.com/sparkchart/UNI/USD/latest.png?ts=1655401200
37,Augur-REP,https://www.cryptocompare.com/coins/rep/overview/USD,$ 8.384,$ 4.12 M,$ 78.45 M,$ 77.93 M,$ 63.21 M,C,,https://images.cryptocompare.com/sparkchart/REP/USD/latest.png?ts=1655401200
38,Thorchain-RUNE,https://www.cryptocompare.com/coins/rune/overview/USD,$ 1.820,"$ 8,883.98",$ 75.70 M,$ 75.70 M,$ 910.09 M,C+,,https://images.cryptocompare.com/sparkchart/RUNE/USD/latest.png?ts=1655401200
39,FTX Token-FTT,https://www.cryptocompare.com/coins/ftt/overview/USD,$ 24.04,$ 24.70 M,$ 72.56 M,$ 72.56 M,$ 7.58 B,C+,,https://images.cryptocompare.com/sparkchart/FTT/USD/latest.png?ts=1655401200
40,Aave-AAVE,https://www.cryptocompare.com/coins/aave/overview/USD,$ 58.82,$ 18.65 M,$ 68.72 M,$ 68.72 M,$ 941.12 M,B-,,https://images.cryptocompare.com/sparkchart/AAVE/USD/latest.png?ts=1655401200
41,Storj-STORJ,https://www.cryptocompare.com/coins/storj/overview/USD,$ 0.4540,$ 2.90 M,$ 66.33 M,$ 66.33 M,$ 192.95 M,C,,https://images.cryptocompare.com/sparkchart/STORJ/USD/latest.png?ts=1655401200
42,FileCoin-FIL,https://www.cryptocompare.com/coins/fil/overview/USD,$ 5.467,$ 3.07 M,$ 66.86 M,$ 66.86 M,$ 1.21 B,E+,,https://images.cryptocompare.com/sparkchart/FIL/USD/latest.png?ts=1655401200
43,0x-ZRX,https://www.cryptocompare.com/coins/zrx/overview/USD,$ 0.2841,$ 9.73 M,$ 66.66 M,$ 66.66 M,$ 284.10 M,C+,,https://images.cryptocompare.com/sparkchart/ZRX/USD/latest.png?ts=1655401200
44,Unifi Protocol DAO-UNFI,https://www.cryptocompare.com/coins/unfi/overview/USD,$ 5.645,-,$ 63.11 M,$ 63.11 M,$ 56.45 M,,,https://images.cryptocompare.com/sparkchart/UNFI/USD/latest.png?ts=1655401200
45,Basic Attention Token-BAT,https://www.cryptocompare.com/coins/bat/overview/USD,$ 0.3291,$ 3.84 M,$ 62.07 M,$ 62.03 M,$ 493.65 M,C+,,https://images.cryptocompare.com/sparkchart/BAT/USD/latest.png?ts=1655401200
46,JasmyCoin-JASMY,https://www.cryptocompare.com/coins/jasmy/overview/USD,$ 0.009251,$ 8.64 M,$ 60.63 M,$ 60.63 M,$ 462.55 M,,,https://images.cryptocompare.com/sparkchart/JASMY/USD/latest.png?ts=1655401200
47,Immutable X-IMX,https://www.cryptocompare.com/coins/imx/overview/USD,$ 0.7151,$ 6.56 M,$ 59.35 M,$ 58.52 M,$ 1.43 B,,,https://images.cryptocompare.com/sparkchart/IMX/USD/latest.png?ts=1655401200
48,Tezos-XTZ,https://www.cryptocompare.com/coins/xtz/overview/USD,$ 1.422,$ 15.06 M,$ 59.22 M,$ 58.44 M,$ 1.31 B,C,,https://images.cryptocompare.com/sparkchart/XTZ/USD/latest.png?ts=1655401200
49,NEO-NEO,https://www.cryptocompare.com/coins/neo/overview/USD,$ 9.202,$ 556.26 k,$ 60.11 M,$ 56.61 M,$ 920.20 M,C,,https://images.cryptocompare.com/sparkchart/NEO/USD/latest.png?ts=1655401200
50,Kyber Network Crystal v2-KNC,https://www.cryptocompare.com/coins/knc/overview/USD,$ 1.420,$ 5.46 M,$ 55.39 M,$ 55.39 M,$ 282.52 M,B-,,https://images.cryptocompare.com/sparkchart/KNC/USD/latest.png?ts=1655401200
51,Terra Classic-LUNC,https://www.cryptocompare.com/coins/lunc/overview/USD,$ 0.00006023,$ 743.30 k,$ 54.96 M,$ 54.96 M,$ 415.97 M,E,,https://images.cryptocompare.com/sparkchart/LUNC/USD/latest.png?ts=1655401200
52,Ethereum Name Service-ENS,https://www.cryptocompare.com/coins/ens/overview/USD,$ 8.407,$ 2.76 M,$ 55.03 M,$ 54.84 M,$ 840.70 M,,,https://images.cryptocompare.com/sparkchart/ENS/USD/latest.png?ts=1655401200
53,Loopring-LRC,https://www.cryptocompare.com/coins/lrc/overview/USD,$ 0.3766,$ 11.29 M,$ 54.72 M,$ 54.72 M,$ 517.40 M,C+,,https://images.cryptocompare.com/sparkchart/LRC/USD/latest.png?ts=1655401200
54,Wrapped Bitcoin-WBTC,https://www.cryptocompare.com/coins/wbtc/overview/USD,"$ 21,252.87",$ 14.23 M,$ 49.17 M,$ 48.77 M,$ 5.73 B,,,https://images.cryptocompare.com/sparkchart/WBTC/USD/latest.png?ts=1655401200
55,PancakeSwap-CAKE,https://www.cryptocompare.com/coins/cake/overview/USD,$ 2.981,$ 322.24,$ 46.20 M,$ 45.82 M,$ 448.32 M,,,https://images.cryptocompare.com/sparkchart/CAKE/USD/latest.png?ts=1655401200
56,Internet Computer-ICP,https://www.cryptocompare.com/coins/icp/overview/USD,$ 5.474,$ 8.67 M,$ 44.94 M,$ 44.87 M,$ 2.64 B,D+,,https://images.cryptocompare.com/sparkchart/ICP/USD/latest.png?ts=1655401200
57,Curve DAO Token-CRV,https://www.cryptocompare.com/coins/crv/overview/USD,$ 0.7055,$ 7.52 M,$ 44.22 M,$ 44.22 M,$ 1.25 B,B-,,https://images.cryptocompare.com/sparkchart/CRV/USD/latest.png?ts=1655401200
58,Enjin Coin-ENJ,https://www.cryptocompare.com/coins/enj/overview/USD,$ 0.4460,$ 4.28 M,$ 43.74 M,$ 43.70 M,$ 446.00 M,C+,,https://images.cryptocompare.com/sparkchart/ENJ/USD/latest.png?ts=1655401200
59,JUST-JST,https://www.cryptocompare.com/coins/jst/overview/USD,$ 0.02701,-,$ 43.59 M,$ 43.59 M,$ 267.40 M,C+,,https://images.cryptocompare.com/sparkchart/JST/USD/latest.png?ts=1655401200
60,Serum-SRM,https://www.cryptocompare.com/coins/srm/overview/USD,$ 0.8761,$ 9.70 M,$ 40.68 M,$ 40.68 M,$ 228.66 M,C,,https://images.cryptocompare.com/sparkchart/SRM/USD/latest.png?ts=1655401200
61,True USD-TUSD,https://www.cryptocompare.com/coins/tusd/overview/USD,$ 0.9999,$ 39.61 k,$ 40.56 M,$ 40.56 M,$ 854.55 M,,,https://images.cryptocompare.com/sparkchart/TUSD/USD/latest.png?ts=1655401200
62,Reserve Rights-RSR,https://www.cryptocompare.com/coins/rsr/overview/USD,$ 0.006620,$ 2.43 M,$ 39.18 M,$ 39.18 M,$ 662.00 M,C,,https://images.cryptocompare.com/sparkchart/RSR/USD/latest.png?ts=1655401200
63,MovieBloc-MBL,https://www.cryptocompare.com/coins/mbl/overview/USD,$ 0.003102,-,$ 38.65 M,$ 38.65 M,$ 93.05 M,C-,,https://images.cryptocompare.com/sparkchart/MBL/USD/latest.png?ts=1655401200
64,STEPN-GMT,https://www.cryptocompare.com/coins/gmt/overview/USD,$ 0.6242,$ 4.12 M,$ 37.97 M,$ 37.97 M,$ 3.66 B,,,https://images.cryptocompare.com/sparkchart/GMT/USD/latest.png?ts=1655401200
65,Helium-HNT,https://www.cryptocompare.com/coins/hnt/overview/USD,$ 10.44,$ 4.75 M,$ 39.51 M,$ 37.43 M,$ 1.27 B,,,https://images.cryptocompare.com/sparkchart/HNT/USD/latest.png?ts=1655401200
66,ZCash-ZEC,https://www.cryptocompare.com/coins/zec/overview/USD,$ 61.84,$ 4.50 M,$ 37.91 M,$ 37.09 M,$ 776.07 M,C+,,https://images.cryptocompare.com/sparkchart/ZEC/USD/latest.png?ts=1655401200
67,Bitcoin SV-BSV,https://www.cryptocompare.com/coins/bsv/overview/USD,$ 52.88,$ 180.95 k,$ 36.67 M,$ 36.67 M,$ 1.01 B,C,,https://images.cryptocompare.com/sparkchart/BSV/USD/latest.png?ts=1655401200
68,Oasis Labs-ROSE,https://www.cryptocompare.com/coins/rose/overview/USD,$ 0.04919,$ 2.44 M,$ 35.02 M,$ 34.99 M,$ 491.90 M,,,https://images.cryptocompare.com/sparkchart/ROSE/USD/latest.png?ts=1655401200
69,Chiliz-CHZ,https://www.cryptocompare.com/coins/chz/overview/USD,$ 0.09520,$ 1.11 M,$ 35.33 M,$ 34.11 M,$ 846.22 M,,,https://images.cryptocompare.com/sparkchart/CHZ/USD/latest.png?ts=1655401200
70,Keep3rV1-KP3R,https://www.cryptocompare.com/coins/kp3r/overview/USD,$ 106.29,$ 708.79,$ 33.44 M,$ 33.44 M,$ 41.67 M,,,https://images.cryptocompare.com/sparkchart/KP3R/USD/latest.png?ts=1655401200
71,Sushi-SUSHI,https://www.cryptocompare.com/coins/sushi/overview/USD,$ 1.004,$ 7.78 M,$ 33.07 M,$ 33.07 M,$ 243.67 M,C+,,https://images.cryptocompare.com/sparkchart/SUSHI/USD/latest.png?ts=1655401200
72,API3-API3,https://www.cryptocompare.com/coins/api3/overview/USD,$ 1.391,$ 3.16 M,$ 32.77 M,$ 32.77 M,$ 157.38 M,,,https://images.cryptocompare.com/sparkchart/API3/USD/latest.png?ts=1655401200
73,Metal-MTL,https://www.cryptocompare.com/coins/mtl/overview/USD,$ 1.369,-,$ 32.70 M,$ 32.70 M,$ 91.19 M,C,,https://images.cryptocompare.com/sparkchart/MTL/USD/latest.png?ts=1655401200
74,DFI.money-YFII,https://www.cryptocompare.com/coins/yfii/overview/USD,$ 526.20,$ 3.32 M,$ 32.73 M,$ 32.73 M,$ 21.05 M,C-,,https://images.cryptocompare.com/sparkchart/YFII/USD/latest.png?ts=1655401200
75,Kusama-KSM,https://www.cryptocompare.com/coins/ksm/overview/USD,$ 50.84,$ 3.82 M,$ 31.26 M,$ 31.26 M,$ 490.67 M,E+,,https://images.cryptocompare.com/sparkchart/KSM/USD/latest.png?ts=1655401200
76,Gala-GALA,https://www.cryptocompare.com/coins/gala/overview/USD,$ 0.05761,$ 28.22 M,$ 30.58 M,$ 30.58 M,$ 2.17 B,,,https://images.cryptocompare.com/sparkchart/GALA/USD/latest.png?ts=1655401200
77,UMA-UMA,https://www.cryptocompare.com/coins/uma/overview/USD,$ 2.686,$ 3.76 M,$ 30.48 M,$ 30.48 M,$ 289.11 M,C,,https://images.cryptocompare.com/sparkchart/UMA/USD/latest.png?ts=1655401200
78,WINk-WIN,https://www.cryptocompare.com/coins/win/overview/USD,$ 0.0001113,$ 0,$ 30.48 M,$ 30.48 M,$ 110.59 M,C,,https://images.cryptocompare.com/sparkchart/WIN/USD/latest.png?ts=1655401200
79,Swipe-SXP,https://www.cryptocompare.com/coins/sxp/overview/USD,$ 0.3670,$ 244.74 k,$ 29.82 M,$ 29.82 M,$ 104.73 M,C,,https://images.cryptocompare.com/sparkchart/SXP/USD/latest.png?ts=1655401200
80,Ravencoin-RVN,https://www.cryptocompare.com/coins/rvn/overview/USD,$ 0.02110,$ 841.74 k,$ 29.53 M,$ 29.53 M,$ 233.39 M,D+,,https://images.cryptocompare.com/sparkchart/RVN/USD/latest.png?ts=1655401200
81,Origin Protocol-OGN,https://www.cryptocompare.com/coins/ogn/overview/USD,$ 0.2149,$ 367.95 k,$ 28.36 M,$ 28.36 M,$ 214.90 M,C+,,https://images.cryptocompare.com/sparkchart/OGN/USD/latest.png?ts=1655401200
82,Cronos-CRO,https://www.cryptocompare.com/coins/cro/overview/USD,$ 0.1129,$ 6.60 M,$ 28.34 M,$ 28.34 M,$ 3.42 B,C+,,https://images.cryptocompare.com/sparkchart/CRO/USD/latest.png?ts=1655401200
83,Maker-MKR,https://www.cryptocompare.com/coins/mkr/overview/USD,$ 760.62,$ 5.50 M,$ 27.70 M,$ 27.70 M,$ 743.61 M,B-,,https://images.cryptocompare.com/sparkchart/MKR/USD/latest.png?ts=1655401200
84,PAX Gold-PAXG,https://www.cryptocompare.com/coins/paxg/overview/USD,"$ 1,852.10",$ 763.88 k,$ 27.63 M,$ 27.63 M,$ 620.12 M,,,https://images.cryptocompare.com/sparkchart/PAXG/USD/latest.png?ts=1655401200
85,STASIS EURS-EURS,https://www.cryptocompare.com/coins/eurs/overview/USD,$ 1.053,$ 0,$ 27.32 M,$ 27.32 M,$ 130.70 M,,,https://images.cryptocompare.com/sparkchart/EURS/USD/latest.png?ts=1655401200
86,Kadena-KDA,https://www.cryptocompare.com/coins/kda/overview/USD,$ 1.716,-,$ 27.09 M,$ 27.09 M,$ 317.17 M,,,https://images.cryptocompare.com/sparkchart/KDA/USD/latest.png?ts=1655401200
87,Litentry-LIT,https://www.cryptocompare.com/coins/lit/overview/USD,$ 0.7493,-,$ 26.52 M,$ 26.52 M,$ 74.93 M,,,https://images.cryptocompare.com/sparkchart/LIT/USD/latest.png?ts=1655401200
88,OMG Network-OMG,https://www.cryptocompare.com/coins/omg/overview/USD,$ 1.880,$ 3.40 M,$ 26.51 M,$ 26.51 M,$ 263.66 M,D,,https://images.cryptocompare.com/sparkchart/OMG/USD/latest.png?ts=1655401200
89,Dash-DASH,https://www.cryptocompare.com/coins/dash/overview/USD,$ 43.15,$ 2.55 M,$ 25.39 M,$ 25.39 M,$ 465.18 M,C+,,https://images.cryptocompare.com/sparkchart/DASH/USD/latest.png?ts=1655401200
90,Bella Protocol-BEL,https://www.cryptocompare.com/coins/bel/overview/USD,$ 0.8642,-,$ 26.22 M,$ 24.16 M,$ 86.42 M,C-,,https://images.cryptocompare.com/sparkchart/BEL/USD/latest.png?ts=1655401200
91,Harmony-ONE,https://www.cryptocompare.com/coins/one/overview/USD,$ 0.02620,$ 1.40 M,$ 24.06 M,$ 24.06 M,$ 353.57 M,,,https://images.cryptocompare.com/sparkchart/ONE/USD/latest.png?ts=1655401200
92,dYdX-DYDX,https://www.cryptocompare.com/coins/dydx/overview/USD,$ 1.177,$ 1.84 M,$ 25.00 M,$ 22.64 M,$ 1.18 B,,,https://images.cryptocompare.com/sparkchart/DYDX/USD/latest.png?ts=1655401200
93,The Graph-GRT,https://www.cryptocompare.com/coins/grt/overview/USD,$ 0.1012,$ 4.98 M,$ 22.51 M,$ 22.51 M,$ 1.05 B,,,https://images.cryptocompare.com/sparkchart/GRT/USD/latest.png?ts=1655401200
94,1inch-1INCH,https://www.cryptocompare.com/coins/1inch/overview/USD,$ 0.6056,$ 783.93 k,$ 22.89 M,$ 22.25 M,$ 908.40 M,,,https://images.cryptocompare.com/sparkchart/1INCH/USD/latest.png?ts=1655401200
95,yearn.finance-YFI,https://www.cryptocompare.com/coins/yfi/overview/USD,"$ 4,892.27",$ 6.98 M,$ 26.09 M,$ 22.18 M,$ 179.38 M,C,,https://images.cryptocompare.com/sparkchart/YFI/USD/latest.png?ts=1655401200
96,Hedera Hashgraph-HBAR,https://www.cryptocompare.com/coins/hbar/overview/USD,$ 0.06838,$ 1.46 M,$ 21.71 M,$ 21.71 M,$ 1.44 B,,,https://images.cryptocompare.com/sparkchart/HBAR/USD/latest.png?ts=1655401200
97,Anchor Protocol-ANC,https://www.cryptocompare.com/coins/anc/overview/USD,$ 0.1090,$ 62.33 k,$ 21.63 M,$ 21.63 M,$ 108.99 M,,,https://images.cryptocompare.com/sparkchart/ANC/USD/latest.png?ts=1655401200
98,Flow - Dapper Labs-FLOW,https://www.cryptocompare.com/coins/flow/overview/USD,$ 1.509,$ 1.10 M,$ 20.67 M,$ 20.67 M,$ 1.56 B,,,https://images.cryptocompare.com/sparkchart/FLOW/USD/latest.png?ts=1655401200
99,WOO Network-WOO,https://www.cryptocompare.com/coins/woo/overview/USD,$ 0.1476,$ 10.83 k,$ 20.58 M,$ 20.58 M,-,,,https://images.cryptocompare.com/sparkchart/WOO/USD/latest.png?ts=1655401200
100,Steem Dollars-SBD,https://www.cryptocompare.com/coins/sbd/overview/USD,$ 0.4091,$ 0,$ 3.18 M,$ 3.18 M,$ 4.66 M,E-,,https://images.cryptocompare.com/sparkchart/SBD/USD/latest.png?ts=1655401200
1,Chainlink-LINK,https://www.cryptocompare.com/coins/link/overview/USD,$ 6.726,$ 98.18 M,$ 476.28 M,$ 468.07 M,$ 6.73 B,B-,,https://images.cryptocompare.com/sparkchart/LINK/USD/latest.png?ts=1655401200
2,Avalanche-AVAX,https://www.cryptocompare.com/coins/avax/overview/USD,$ 16.53,$ 90.24 M,$ 448.98 M,$ 448.71 M,$ 6.70 B,,,https://images.cryptocompare.com/sparkchart/AVAX/USD/latest.png?ts=1655401200
3,Fantom-FTM,https://www.cryptocompare.com/coins/ftm/overview/USD,$ 0.2322,$ 12.84 M,$ 145.74 M,$ 145.74 M,$ 627.71 M,C,,https://images.cryptocompare.com/sparkchart/FTM/USD/latest.png?ts=1655401200
4,Uniswap Protocol Token-UNI,https://www.cryptocompare.com/coins/uni/overview/USD,$ 3.973,$ 13.94 M,$ 84.75 M,$ 84.75 M,$ 3.97 B,B,,https://images.cryptocompare.com/sparkchart/UNI/USD/latest.png?ts=1655401200
5,Augur-REP,https://www.cryptocompare.com/coins/rep/overview/USD,$ 8.384,$ 4.12 M,$ 78.45 M,$ 77.94 M,$ 63.21 M,C,,https://images.cryptocompare.com/sparkchart/REP/USD/latest.png?ts=1655401200
6,Thorchain-RUNE,https://www.cryptocompare.com/coins/rune/overview/USD,$ 1.818,"$ 8,883.98",$ 75.63 M,$ 75.63 M,$ 909.09 M,C+,,https://images.cryptocompare.com/sparkchart/RUNE/USD/latest.png?ts=1655401200
7,Aave-AAVE,https://www.cryptocompare.com/coins/aave/overview/USD,$ 58.76,$ 18.65 M,$ 68.68 M,$ 68.68 M,$ 940.16 M,B-,,https://images.cryptocompare.com/sparkchart/AAVE/USD/latest.png?ts=1655401200
8,0x-ZRX,https://www.cryptocompare.com/coins/zrx/overview/USD,$ 0.2837,$ 9.73 M,$ 66.57 M,$ 66.57 M,$ 283.70 M,C+,,https://images.cryptocompare.com/sparkchart/ZRX/USD/latest.png?ts=1655401200
9,Kyber Network Crystal v2-KNC,https://www.cryptocompare.com/coins/knc/overview/USD,$ 1.419,$ 5.46 M,$ 55.36 M,$ 55.36 M,$ 282.32 M,B-,,https://images.cryptocompare.com/sparkchart/KNC/USD/latest.png?ts=1655401200
10,Loopring-LRC,https://www.cryptocompare.com/coins/lrc/overview/USD,$ 0.3761,$ 11.30 M,$ 54.69 M,$ 54.69 M,$ 516.71 M,C+,,https://images.cryptocompare.com/sparkchart/LRC/USD/latest.png?ts=1655401200
11,Wrapped Bitcoin-WBTC,https://www.cryptocompare.com/coins/wbtc/overview/USD,"$ 21,231.09",$ 14.23 M,$ 52.22 M,$ 51.82 M,$ 5.72 B,,,https://images.cryptocompare.com/sparkchart/WBTC/USD/latest.png?ts=1655401200
12,PancakeSwap-CAKE,https://www.cryptocompare.com/coins/cake/overview/USD,$ 2.977,$ 322.24,$ 46.15 M,$ 45.78 M,$ 447.72 M,,,https://images.cryptocompare.com/sparkchart/CAKE/USD/latest.png?ts=1655401200
13,Curve DAO Token-CRV,https://www.cryptocompare.com/coins/crv/overview/USD,$ 0.7053,$ 7.53 M,$ 44.25 M,$ 44.25 M,$ 1.25 B,B-,,https://images.cryptocompare.com/sparkchart/CRV/USD/latest.png?ts=1655401200
14,Enjin Coin-ENJ,https://www.cryptocompare.com/coins/enj/overview/USD,$ 0.4454,$ 4.28 M,$ 43.69 M,$ 43.65 M,$ 445.40 M,C+,,https://images.cryptocompare.com/sparkchart/ENJ/USD/latest.png?ts=1655401200
15,JUST-JST,https://www.cryptocompare.com/coins/jst/overview/USD,$ 0.02699,-,$ 43.58 M,$ 43.58 M,$ 267.23 M,C+,,https://images.cryptocompare.com/sparkchart/JST/USD/latest.png?ts=1655401200
16,Serum-SRM,https://www.cryptocompare.com/coins/srm/overview/USD,$ 0.8761,$ 9.70 M,$ 40.68 M,$ 40.68 M,$ 228.66 M,C,,https://images.cryptocompare.com/sparkchart/SRM/USD/latest.png?ts=1655401200
17,Reserve Rights-RSR,https://www.cryptocompare.com/coins/rsr/overview/USD,$ 0.006600,$ 2.43 M,$ 39.07 M,$ 39.07 M,$ 660.00 M,C,,https://images.cryptocompare.com/sparkchart/RSR/USD/latest.png?ts=1655401200
18,Keep3rV1-KP3R,https://www.cryptocompare.com/coins/kp3r/overview/USD,$ 106.39,$ 708.79,$ 33.47 M,$ 33.47 M,$ 41.71 M,,,https://images.cryptocompare.com/sparkchart/KP3R/USD/latest.png?ts=1655401200
19,Sushi-SUSHI,https://www.cryptocompare.com/coins/sushi/overview/USD,$ 1.004,$ 7.79 M,$ 33.08 M,$ 33.08 M,$ 243.67 M,C+,,https://images.cryptocompare.com/sparkchart/SUSHI/USD/latest.png?ts=1655401200
20,DFI.money-YFII,https://www.cryptocompare.com/coins/yfii/overview/USD,$ 530.55,$ 3.32 M,$ 33.00 M,$ 33.00 M,$ 21.22 M,C-,,https://images.cryptocompare.com/sparkchart/YFII/USD/latest.png?ts=1655401200
21,API3-API3,https://www.cryptocompare.com/coins/api3/overview/USD,$ 1.391,$ 3.16 M,$ 32.77 M,$ 32.77 M,$ 157.38 M,,,https://images.cryptocompare.com/sparkchart/API3/USD/latest.png?ts=1655401200
22,UMA-UMA,https://www.cryptocompare.com/coins/uma/overview/USD,$ 2.683,$ 3.76 M,$ 30.45 M,$ 30.45 M,$ 288.79 M,C,,https://images.cryptocompare.com/sparkchart/UMA/USD/latest.png?ts=1655401200
23,Swipe-SXP,https://www.cryptocompare.com/coins/sxp/overview/USD,$ 0.3670,$ 244.74 k,$ 29.82 M,$ 29.82 M,$ 104.73 M,C,,https://images.cryptocompare.com/sparkchart/SXP/USD/latest.png?ts=1655401200
24,Origin Protocol-OGN,https://www.cryptocompare.com/coins/ogn/overview/USD,$ 0.2144,$ 368.19 k,$ 28.30 M,$ 28.30 M,$ 214.40 M,C+,,https://images.cryptocompare.com/sparkchart/OGN/USD/latest.png?ts=1655401200
25,Maker-MKR,https://www.cryptocompare.com/coins/mkr/overview/USD,$ 759.12,$ 5.50 M,$ 27.65 M,$ 27.65 M,$ 742.14 M,B-,,https://images.cryptocompare.com/sparkchart/MKR/USD/latest.png?ts=1655401200
26,Bella Protocol-BEL,https://www.cryptocompare.com/coins/bel/overview/USD,$ 0.8630,-,$ 26.19 M,$ 24.12 M,$ 86.30 M,C-,,https://images.cryptocompare.com/sparkchart/BEL/USD/latest.png?ts=1655401200
27,The Graph-GRT,https://www.cryptocompare.com/coins/grt/overview/USD,$ 0.1010,$ 4.98 M,$ 22.47 M,$ 22.47 M,$ 1.05 B,,,https://images.cryptocompare.com/sparkchart/GRT/USD/latest.png?ts=1655401200
28,1inch-1INCH,https://www.cryptocompare.com/coins/1inch/overview/USD,$ 0.6038,$ 783.94 k,$ 22.83 M,$ 22.18 M,$ 905.70 M,,,https://images.cryptocompare.com/sparkchart/1INCH/USD/latest.png?ts=1655401200
29,yearn.finance-YFI,https://www.cryptocompare.com/coins/yfi/overview/USD,"$ 4,890.79",$ 6.98 M,$ 26.08 M,$ 22.18 M,$ 179.33 M,C,,https://images.cryptocompare.com/sparkchart/YFI/USD/latest.png?ts=1655401200
30,Anchor Protocol-ANC,https://www.cryptocompare.com/coins/anc/overview/USD,$ 0.1089,$ 62.33 k,$ 21.62 M,$ 21.62 M,$ 108.89 M,,,https://images.cryptocompare.com/sparkchart/ANC/USD/latest.png?ts=1655401200
31,Terra-LUNA,https://www.cryptocompare.com/coins/luna/overview/USD,$ 2.370,$ 710.80 k,$ 20.40 M,$ 20.40 M,$ 2.38 B,E+,,https://images.cryptocompare.com/sparkchart/LUNA/USD/latest.png?ts=1655401200
32,Celo-CELO,https://www.cryptocompare.com/coins/celo/overview/USD,$ 0.8760,$ 1.85 M,$ 19.74 M,$ 19.64 M,$ 876.00 M,D+,,https://images.cryptocompare.com/sparkchart/CELO/USD/latest.png?ts=1655401200
33,Compound Governance Token-COMP,https://www.cryptocompare.com/coins/comp/overview/USD,$ 31.82,$ 3.04 M,$ 19.56 M,$ 19.56 M,$ 318.10 M,D,,https://images.cryptocompare.com/sparkchart/COMP/USD/latest.png?ts=1655401200
34,Dai-DAI,https://www.cryptocompare.com/coins/dai/overview/USD,$ 0.9999,$ 6.49 M,$ 16.90 M,$ 16.75 M,$ 6.24 B,,,https://images.cryptocompare.com/sparkchart/DAI/USD/latest.png?ts=1655401200
35,Kava-KAVA,https://www.cryptocompare.com/coins/kava/overview/USD,$ 1.657,$ 1.46 M,$ 16.26 M,$ 15.39 M,$ 356.07 M,,,https://images.cryptocompare.com/sparkchart/KAVA/USD/latest.png?ts=1655401200
36,Harvest Finance-FARM,https://www.cryptocompare.com/coins/farm/overview/USD,$ 37.87,$ 3.48 M,$ 16.33 M,$ 15.28 M,$ 25.81 M,D,,https://images.cryptocompare.com/sparkchart/FARM/USD/latest.png?ts=1655401200
37,IoTeX Network-IOTX,https://www.cryptocompare.com/coins/iotx/overview/USD,$ 0.03350,$ 309.63 k,$ 13.84 M,$ 13.47 M,$ 318.12 M,,,https://images.cryptocompare.com/sparkchart/IOTX/USD/latest.png?ts=1655401200
38,Band Protocol-BAND,https://www.cryptocompare.com/coins/band/overview/USD,$ 1.416,$ 1.19 M,$ 12.56 M,$ 12.56 M,$ 141.60 M,C,,https://images.cryptocompare.com/sparkchart/BAND/USD/latest.png?ts=1655401200
39,Fetch.AI-FET,https://www.cryptocompare.com/coins/fet/overview/USD,$ 0.08740,$ 1.59 M,$ 13.06 M,$ 12.18 M,$ 100.77 M,C-,,https://images.cryptocompare.com/sparkchart/FET/USD/latest.png?ts=1655401200
40,Holo-HOT,https://www.cryptocompare.com/coins/hot/overview/USD,$ 0.002042,"$ 1,991.48",$ 12.07 M,$ 11.95 M,$ 3.19 M,E+,,https://images.cryptocompare.com/sparkchart/HOT/USD/latest.png?ts=1655401200
41,COTI-COTI,https://www.cryptocompare.com/coins/coti/overview/USD,$ 0.09110,$ 1.72 M,$ 10.76 M,$ 10.73 M,$ 182.20 M,C,,https://images.cryptocompare.com/sparkchart/COTI/USD/latest.png?ts=1655401200
42,Bancor Network Token-BNT,https://www.cryptocompare.com/coins/bnt/overview/USD,$ 0.6186,$ 1.15 M,$ 9.54 M,$ 9.46 M,$ 170.31 M,C,,https://images.cryptocompare.com/sparkchart/BNT/USD/latest.png?ts=1655401200
43,Synthetix-SNX,https://www.cryptocompare.com/coins/snx/overview/USD,$ 1.821,$ 2.29 M,$ 9.28 M,$ 9.28 M,$ 497.72 M,C+,,https://images.cryptocompare.com/sparkchart/SNX/USD/latest.png?ts=1655401200
44,REN-REN,https://www.cryptocompare.com/coins/ren/overview/USD,$ 0.09777,$ 2.46 M,$ 9.07 M,$ 9.07 M,$ 97.77 M,C,,https://images.cryptocompare.com/sparkchart/REN/USD/latest.png?ts=1655401200
45,Raydium-RAY,https://www.cryptocompare.com/coins/ray/overview/USD,$ 0.6880,$ 7.12 M,$ 8.81 M,$ 8.81 M,$ 381.84 M,,,https://images.cryptocompare.com/sparkchart/RAY/USD/latest.png?ts=1655401200
46,STP Network-STPT,https://www.cryptocompare.com/coins/stpt/overview/USD,$ 0.03844,-,$ 8.78 M,$ 8.78 M,$ 74.67 M,,,https://images.cryptocompare.com/sparkchart/STPT/USD/latest.png?ts=1655401200
47,Mirror Protocol-MIR,https://www.cryptocompare.com/coins/mir/overview/USD,$ 0.1772,$ 1.91 M,$ 8.62 M,$ 8.62 M,$ 65.67 M,,,https://images.cryptocompare.com/sparkchart/MIR/USD/latest.png?ts=1655401200
48,DODO-DODO,https://www.cryptocompare.com/coins/dodo/overview/USD,$ 0.1288,$ 12.14 k,$ 7.28 M,$ 7.28 M,$ 128.77 M,,,https://images.cryptocompare.com/sparkchart/DODO/USD/latest.png?ts=1655401200
49,Injective Protocol-INJ,https://www.cryptocompare.com/coins/inj/overview/USD,$ 1.416,$ 29.86 k,$ 6.61 M,$ 6.61 M,$ 141.56 M,C-,,https://images.cryptocompare.com/sparkchart/INJ/USD/latest.png?ts=1655401200
50,Akropolis-AKRO,https://www.cryptocompare.com/coins/akro/overview/USD,$ 0.004593,$ 21.05 k,$ 6.33 M,$ 6.33 M,$ 22.97 M,C-,,https://images.cryptocompare.com/sparkchart/AKRO/USD/latest.png?ts=1655401200
51,Enzyme-MLN,https://www.cryptocompare.com/coins/mln/overview/USD,$ 22.57,$ 2.67 M,$ 5.71 M,$ 5.71 M,$ 47.96 M,C-,,https://images.cryptocompare.com/sparkchart/MLN/USD/latest.png?ts=1655401200
52,Frontier-FRONT,https://www.cryptocompare.com/coins/front/overview/USD,$ 0.1841,"$ 1,645.21",$ 5.17 M,$ 5.17 M,$ 18.41 M,D+,,https://images.cryptocompare.com/sparkchart/FRONT/USD/latest.png?ts=1655401200
53,Convex Finance-CVX,https://www.cryptocompare.com/coins/cvx/overview/USD,$ 3.591,-,$ 5.28 M,$ 5.15 M,$ 328.33 M,,,https://images.cryptocompare.com/sparkchart/CVX/USD/latest.png?ts=1655401200
54,Balancer-BAL,https://www.cryptocompare.com/coins/bal/overview/USD,$ 4.468,$ 505.91 k,$ 5.10 M,$ 5.10 M,$ 224.56 M,,,https://images.cryptocompare.com/sparkchart/BAL/USD/latest.png?ts=1655401200
55,SWFTCoin-SWFTC,https://www.cryptocompare.com/coins/swftc/overview/USD,$ 0.001382,-,$ 5.04 M,$ 5.04 M,$ 13.82 M,D+,,https://images.cryptocompare.com/sparkchart/SWFTC/USD/latest.png?ts=1655401200
56,Tellor-TRB,https://www.cryptocompare.com/coins/trb/overview/USD,$ 11.13,$ 440.29 k,$ 4.66 M,$ 4.66 M,$ 26.61 M,C-,,https://images.cryptocompare.com/sparkchart/TRB/USD/latest.png?ts=1655401200
57,RAMP-RAMP,https://www.cryptocompare.com/coins/ramp/overview/USD,$ 0.03589,$ 27.74 k,$ 4.18 M,$ 4.18 M,$ 35.89 M,,,https://images.cryptocompare.com/sparkchart/RAMP/USD/latest.png?ts=1655401200
58,Perpetual Protocol-PERP,https://www.cryptocompare.com/coins/perp/overview/USD,$ 0.6012,$ 535.51 k,$ 4.19 M,$ 4.12 M,$ 90.18 M,,,https://images.cryptocompare.com/sparkchart/PERP/USD/latest.png?ts=1655401200
59,DIA-DIA,https://www.cryptocompare.com/coins/dia/overview/USD,$ 0.3980,-,$ 3.47 M,$ 3.47 M,$ 68.97 M,C-,,https://images.cryptocompare.com/sparkchart/DIA/USD/latest.png?ts=1655401200
60,ForTube-FOR,https://www.cryptocompare.com/coins/for/overview/USD,$ 0.01544,-,$ 3.25 M,$ 3.25 M,$ 15.08 M,,,https://images.cryptocompare.com/sparkchart/FOR/USD/latest.png?ts=1655401200
61,Amp-AMP,https://www.cryptocompare.com/coins/amp/overview/USD,$ 0.009122,$ 1.70 M,$ 3.03 M,$ 2.98 M,$ 907.13 M,,,https://images.cryptocompare.com/sparkchart/AMP/USD/latest.png?ts=1655401200
62,Orion Protocol-ORN,https://www.cryptocompare.com/coins/orn/overview/USD,$ 1.193,$ 211.31 k,$ 2.47 M,$ 2.37 M,$ 119.30 M,D+,,https://images.cryptocompare.com/sparkchart/ORN/USD/latest.png?ts=1655401200
63,Badger DAO-BADGER,https://www.cryptocompare.com/coins/badger/overview/USD,$ 3.241,$ 539.21 k,$ 2.18 M,$ 2.18 M,$ 68.06 M,,,https://images.cryptocompare.com/sparkchart/BADGER/USD/latest.png?ts=1655401200
64,Auto-AUTO,https://www.cryptocompare.com/coins/auto/overview/USD,$ 218.20,-,$ 1.98 M,$ 1.98 M,$ 17.60 M,,,https://images.cryptocompare.com/sparkchart/AUTO/USD/latest.png?ts=1655401200
65,Request Network-REQ,https://www.cryptocompare.com/coins/req/overview/USD,$ 0.08480,$ 384.72 k,$ 1.92 M,$ 1.92 M,$ 84.79 M,C-,,https://images.cryptocompare.com/sparkchart/REQ/USD/latest.png?ts=1655401200
66,IDEX-IDEX,https://www.cryptocompare.com/coins/idex/overview/USD,$ 0.05413,-,$ 1.88 M,$ 1.88 M,$ 54.13 M,C-,,https://images.cryptocompare.com/sparkchart/IDEX/USD/latest.png?ts=1655401200
67,Tribe-TRIBE,https://www.cryptocompare.com/coins/tribe/overview/USD,$ 0.1789,$ 155.55 k,$ 2.44 M,$ 1.85 M,$ 178.90 M,,,https://images.cryptocompare.com/sparkchart/TRIBE/USD/latest.png?ts=1655401200
68,JOE-JOE,https://www.cryptocompare.com/coins/joe/overview/USD,$ 0.1990,$ 41.91 k,$ 2.09 M,$ 1.57 M,$ 74.91 M,,,https://images.cryptocompare.com/sparkchart/JOE/USD/latest.png?ts=1655401200
69,Alchemix-ALCX,https://www.cryptocompare.com/coins/alcx/overview/USD,$ 19.78,$ 270.08 k,$ 1.58 M,$ 1.53 M,$ 31.42 M,,,https://images.cryptocompare.com/sparkchart/ALCX/USD/latest.png?ts=1655401200
70,Wrapped NXM-WNXM,https://www.cryptocompare.com/coins/wnxm/overview/USD,$ 9.999,$ 82.47 k,$ 1.46 M,$ 1.46 M,$ 27.26 M,,,https://images.cryptocompare.com/sparkchart/WNXM/USD/latest.png?ts=1655401200
71,Beefy.Finance-BIFI,https://www.cryptocompare.com/coins/bifi/overview/USD,$ 379.40,-,$ 1.36 M,$ 1.36 M,$ 30.35 M,,,https://images.cryptocompare.com/sparkchart/BIFI/USD/latest.png?ts=1655401200
72,Nest Protocol-NEST,https://www.cryptocompare.com/coins/nest/overview/USD,$ 0.03488,-,$ 1.13 M,$ 1.13 M,$ 348.05 M,,,https://images.cryptocompare.com/sparkchart/NEST/USD/latest.png?ts=1655401200
73,Bitshares-BTS,https://www.cryptocompare.com/coins/bts/overview/USD,$ 0.009000,$ 0,$ 1.14 M,$ 1.13 M,$ 26.95 M,D+,,https://images.cryptocompare.com/sparkchart/BTS/USD/latest.png?ts=1655401200
74,DAO Maker-DAO,https://www.cryptocompare.com/coins/dao/overview/USD,$ 1.421,$ 0,$ 1.09 M,$ 1.09 M,$ 399.14 M,,,https://images.cryptocompare.com/sparkchart/DAO/USD/latest.png?ts=1655401200
75,Alpaca Finance-ALPACA,https://www.cryptocompare.com/coins/alpaca/overview/USD,$ 0.2069,-,$ 1.04 M,$ 1.04 M,$ 36.28 M,,,https://images.cryptocompare.com/sparkchart/ALPACA/USD/latest.png?ts=1655401200
76,Maple-MPL,https://www.cryptocompare.com/coins/mpl/overview/USD,$ 16.23,$ 1.03 M,$ 1.31 M,$ 1.03 M,$ 162.30 M,,,https://images.cryptocompare.com/sparkchart/MPL/USD/latest.png?ts=1655401200
77,Numeraire-NMR,https://www.cryptocompare.com/coins/nmr/overview/USD,$ 8.260,$ 398.82 k,$ 993.17 k,$ 993.17 k,$ 90.46 M,D+,,https://images.cryptocompare.com/sparkchart/NMR/USD/latest.png?ts=1655401200
78,Wanchain-WAN,https://www.cryptocompare.com/coins/wan/overview/USD,$ 0.1683,-,$ 867.48 k,$ 867.48 k,$ 32.82 M,D+,,https://images.cryptocompare.com/sparkchart/WAN/USD/latest.png?ts=1655401200
79,pNetwork Token-PNT,https://www.cryptocompare.com/coins/pnt/overview/USD,$ 0.2014,"$ 7,971.09",$ 1.18 M,$ 816.36 k,$ 17.70 M,D+,,https://images.cryptocompare.com/sparkchart/PNT/USD/latest.png?ts=1655401200
80,Rari Governance Token-RGT,https://www.cryptocompare.com/coins/rgt/overview/USD,$ 5.850,$ 912.31 k,$ 761.58 k,$ 761.58 k,$ 73.04 M,,,https://images.cryptocompare.com/sparkchart/RGT/USD/latest.png?ts=1655401200
81,Ampleforth-AMPL,https://www.cryptocompare.com/coins/ampl/overview/USD,$ 0.7925,$ 391.90 k,$ 792.69 k,$ 723.87 k,$ 40.57 M,D+,,https://images.cryptocompare.com/sparkchart/AMPL/USD/latest.png?ts=1655401200
82,PowerPool Concentrated Voting Power-CVP,https://www.cryptocompare.com/coins/cvp/overview/USD,$ 0.2536,-,$ 653.59 k,$ 653.59 k,$ 25.36 M,D+,,https://images.cryptocompare.com/sparkchart/CVP/USD/latest.png?ts=1655401200
83,dForce-DF,https://www.cryptocompare.com/coins/df/overview/USD,$ 0.03386,-,$ 594.63 k,$ 594.63 k,$ 33.86 M,D+,,https://images.cryptocompare.com/sparkchart/DF/USD/latest.png?ts=1655401200
84,Quickswap-QUICK,https://www.cryptocompare.com/coins/quick/overview/USD,$ 57.41,$ 512.98 k,$ 580.69 k,$ 580.69 k,$ 57.41 M,,,https://images.cryptocompare.com/sparkchart/QUICK/USD/latest.png?ts=1655401200
85,Keep Network-KEEP,https://www.cryptocompare.com/coins/keep/overview/USD,$ 0.1628,$ 464.62 k,$ 546.52 k,$ 546.52 k,$ 162.78 M,,,https://images.cryptocompare.com/sparkchart/KEEP/USD/latest.png?ts=1655401200
86,Cream-CREAM,https://www.cryptocompare.com/coins/cream/overview/USD,$ 17.00,$ 90.76 k,$ 461.02 k,$ 461.02 k,$ 49.72 M,D+,,https://images.cryptocompare.com/sparkchart/CREAM/USD/latest.png?ts=1655401200
87,Radix-XRD,https://www.cryptocompare.com/coins/xrd/overview/USD,$ 0.06314,$ 332.19 k,$ 431.53 k,$ 431.53 k,$ 777.15 M,,,https://images.cryptocompare.com/sparkchart/XRD/USD/latest.png?ts=1655401200
88,Student Coin-STC,https://www.cryptocompare.com/coins/stc/overview/USD,$ 0.004558,-,$ 415.48 k,$ 415.48 k,$ 45.58 M,,,https://images.cryptocompare.com/sparkchart/STC/USD/latest.png?ts=1655401200
89,AirSwap-AST,https://www.cryptocompare.com/coins/ast/overview/USD,$ 0.06047,$ 0,$ 360.59 k,$ 360.59 k,$ 30.24 M,D,,https://images.cryptocompare.com/sparkchart/AST/USD/latest.png?ts=1655401200
90,Creditcoin-CTC,https://www.cryptocompare.com/coins/ctc/overview/USD,$ 0.3077,-,$ 324.52 k,$ 324.52 k,$ 211.77 M,,,https://images.cryptocompare.com/sparkchart/CTC/USD/latest.png?ts=1655401200
91,EasyFi V2-EZ,https://www.cryptocompare.com/coins/ez/overview/USD,$ 0.4364,-,$ 304.98 k,$ 304.98 k,$ 4.36 M,,,https://images.cryptocompare.com/sparkchart/EZ/USD/latest.png?ts=1655401200
92,SUKU-SUKU,https://www.cryptocompare.com/coins/suku/overview/USD,$ 0.08675,"$ 4,478.76",$ 467.95 k,$ 248.64 k,$ 130.14 M,D+,,https://images.cryptocompare.com/sparkchart/SUKU/USD/latest.png?ts=1655401200
93,Stafi-FIS,https://www.cryptocompare.com/coins/fis/overview/USD,$ 0.3417,-,$ 223.60 k,$ 223.60 k,$ 37.53 M,,,https://images.cryptocompare.com/sparkchart/FIS/USD/latest.png?ts=1655401200
94,Oxygen-OXY,https://www.cryptocompare.com/coins/oxy/overview/USD,$ 0.07956,$ 123.66 k,$ 221.95 k,$ 221.95 k,$ 15.91 M,,,https://images.cryptocompare.com/sparkchart/OXY/USD/latest.png?ts=1655401200
95,Swerve-SWRV,https://www.cryptocompare.com/coins/swrv/overview/USD,$ 0.05314,-,$ 201.76 k,$ 201.76 k,$ 1.02 M,D,,https://images.cryptocompare.com/sparkchart/SWRV/USD/latest.png?ts=1655401200
96,Telos-TLOS,https://www.cryptocompare.com/coins/tlos/overview/USD,$ 0.1887,-,$ 137.16 k,$ 137.16 k,$ 67.02 M,E,,https://images.cryptocompare.com/sparkchart/TLOS/USD/latest.png?ts=1655401200
97,DerivaDAO-DDX,https://www.cryptocompare.com/coins/ddx/overview/USD,$ 0.9231,$ 125.79 k,$ 126.53 k,$ 126.53 k,$ 49.12 M,,,https://images.cryptocompare.com/sparkchart/DDX/USD/latest.png?ts=1655401200
98,UniLend Finance-UFT,https://www.cryptocompare.com/coins/uft/overview/USD,$ 0.1560,-,$ 101.91 k,$ 101.91 k,$ 15.60 M,,,https://images.cryptocompare.com/sparkchart/UFT/USD/latest.png?ts=1655401200
99,KeeperDAO-ROOK,https://www.cryptocompare.com/coins/rook/overview/USD,$ 20.56,$ 73.59 k,$ 89.84 k,$ 89.84 k,$ 26.08 M,,,https://images.cryptocompare.com/sparkchart/ROOK/USD/latest.png?ts=1655401200
100,Fusion-FSN,https://www.cryptocompare.com/coins/fsn/overview/USD,$ 0.2392,$ 0,$ 80.55 k,$ 80.55 k,$ 17.19 M,D+,,https://images.cryptocompare.com/sparkchart/FSN/USD/latest.png?ts=1655401200
1,Fantom-FTM,https://www.cryptocompare.com/coins/ftm/overview/USD,$ 0.2318,$ 145.55 M,$ 145.55 M,$ 626.63 M,C,2.02%,,https://images.cryptocompare.com/sparkchart/FTM/USD/latest.png?ts=1655401200
2,The Sandbox-SAND,https://www.cryptocompare.com/coins/sand/overview/USD,$ 0.8644,$ 119.30 M,$ 119.30 M,$ 2.59 B,B-,2.44%,,https://images.cryptocompare.com/sparkchart/SAND/USD/latest.png?ts=1655401200
3,Decentraland-MANA,https://www.cryptocompare.com/coins/mana/overview/USD,$ 0.8424,$ 118.08 M,$ 117.43 M,$ 1.85 B,B-,1.75%,,https://images.cryptocompare.com/sparkchart/MANA/USD/latest.png?ts=1655401200
4,Axie Infinity Shards-AXS,https://www.cryptocompare.com/coins/axs/overview/USD,$ 14.30,$ 114.42 M,$ 106.57 M,$ 3.86 B,C+,5.38%,,https://images.cryptocompare.com/sparkchart/AXS/USD/latest.png?ts=1655401200
5,Theta-THETA,https://www.cryptocompare.com/coins/theta/overview/USD,$ 1.241,$ 102.67 M,$ 102.46 M,$ 1.24 B,,11.98%,,https://images.cryptocompare.com/sparkchart/THETA/USD/latest.png?ts=1655401200
6,Tezos-XTZ,https://www.cryptocompare.com/coins/xtz/overview/USD,$ 1.421,$ 59.19 M,$ 58.41 M,$ 1.31 B,C,3.87%,,https://images.cryptocompare.com/sparkchart/XTZ/USD/latest.png?ts=1655401200
7,Ethereum Name Service-ENS,https://www.cryptocompare.com/coins/ens/overview/USD,$ 8.387,$ 54.94 M,$ 54.76 M,$ 838.70 M,,-0.71%,,https://images.cryptocompare.com/sparkchart/ENS/USD/latest.png?ts=1655401200
8,Enjin Coin-ENJ,https://www.cryptocompare.com/coins/enj/overview/USD,$ 0.4454,$ 43.70 M,$ 43.67 M,$ 445.40 M,C+,2.06%,,https://images.cryptocompare.com/sparkchart/ENJ/USD/latest.png?ts=1655401200
9,Chiliz-CHZ,https://www.cryptocompare.com/coins/chz/overview/USD,$ 0.09495,$ 35.24 M,$ 34.03 M,$ 844.00 M,,4.01%,,https://images.cryptocompare.com/sparkchart/CHZ/USD/latest.png?ts=1655401200
10,Gala-GALA,https://www.cryptocompare.com/coins/gala/overview/USD,$ 0.05738,$ 30.53 M,$ 30.53 M,$ 2.16 B,,-2.10%,,https://images.cryptocompare.com/sparkchart/GALA/USD/latest.png?ts=1655401200
11,Origin Protocol-OGN,https://www.cryptocompare.com/coins/ogn/overview/USD,$ 0.2144,$ 28.30 M,$ 28.30 M,$ 214.40 M,C+,1.85%,,https://images.cryptocompare.com/sparkchart/OGN/USD/latest.png?ts=1655401200
12,Flow - Dapper Labs-FLOW,https://www.cryptocompare.com/coins/flow/overview/USD,$ 1.509,$ 20.69 M,$ 20.69 M,$ 1.56 B,,1.34%,,https://images.cryptocompare.com/sparkchart/FLOW/USD/latest.png?ts=1655401200
13,Smooth Love Potion-SLP,https://www.cryptocompare.com/coins/slp/overview/USD,$ 0.003673,$ 21.27 M,$ 20.23 M,$ 19.75 M,,0.34%,,https://images.cryptocompare.com/sparkchart/SLP/USD/latest.png?ts=1655401200
14,BakeryToken-BAKE,https://www.cryptocompare.com/coins/bake/overview/USD,$ 0.2292,$ 18.36 M,$ 18.36 M,$ 167.65 M,,1.72%,,https://images.cryptocompare.com/sparkchart/BAKE/USD/latest.png?ts=1655401200
15,Voxies-VOXEL,https://www.cryptocompare.com/coins/voxel/overview/USD,$ 0.3755,$ 16.53 M,$ 16.53 M,$ 112.66 M,,0.55%,,https://images.cryptocompare.com/sparkchart/VOXEL/USD/latest.png?ts=1655401200
16,Worldwide Asset eXchange-WAXP,https://www.cryptocompare.com/coins/waxp/overview/USD,$ 0.08689,$ 13.90 M,$ 13.73 M,$ 323.53 M,D,5.15%,,https://images.cryptocompare.com/sparkchart/WAXP/USD/latest.png?ts=1655401200
17,Vulcan Forged-PYR,https://www.cryptocompare.com/coins/pyr/overview/USD,$ 3.338,$ 11.01 M,$ 11.01 M,$ 166.89 M,,2.13%,,https://images.cryptocompare.com/sparkchart/PYR/USD/latest.png?ts=1655401200
18,MOBOX-MBOX,https://www.cryptocompare.com/coins/mbox/overview/USD,$ 0.5697,$ 8.13 M,$ 7.96 M,$ 217.07 M,,2.32%,,https://images.cryptocompare.com/sparkchart/MBOX/USD/latest.png?ts=1655401200
19,My Neighbor Alice-ALICE,https://www.cryptocompare.com/coins/alice/overview/USD,$ 2.023,$ 4.15 M,$ 4.15 M,$ 186.12 M,,0.00%,,https://images.cryptocompare.com/sparkchart/ALICE/USD/latest.png?ts=1655401200
20,Illuvium-ILV,https://www.cryptocompare.com/coins/ilv/overview/USD,$ 166.42,$ 3.18 M,$ 3.05 M,$ 1.16 B,,1.01%,,https://images.cryptocompare.com/sparkchart/ILV/USD/latest.png?ts=1655401200
21,SuperFarm-SUPER,https://www.cryptocompare.com/coins/super/overview/USD,$ 0.1315,$ 2.83 M,$ 2.83 M,$ 131.47 M,,2.16%,,https://images.cryptocompare.com/sparkchart/SUPER/USD/latest.png?ts=1655401200
22,Bombcrypto-BCOIN,https://www.cryptocompare.com/coins/bcoin/overview/USD,$ 0.06405,$ 2.63 M,$ 2.40 M,$ 6.40 M,,10.33%,,https://images.cryptocompare.com/sparkchart/BCOIN/USD/latest.png?ts=1655401200
23,Aavegotchi-GHST,https://www.cryptocompare.com/coins/ghst/overview/USD,$ 1.359,$ 2.00 M,$ 1.96 M,$ 67.76 M,,-0.45%,,https://images.cryptocompare.com/sparkchart/GHST/USD/latest.png?ts=1655401200
24,iExec-RLC,https://www.cryptocompare.com/coins/rlc/overview/USD,$ 0.6612,$ 1.92 M,$ 1.92 M,$ 57.53 M,D+,0.16%,,https://images.cryptocompare.com/sparkchart/RLC/USD/latest.png?ts=1655401200
25,Dego Finance-DEGO,https://www.cryptocompare.com/coins/dego/overview/USD,$ 1.392,$ 1.76 M,$ 1.76 M,$ 14.13 M,,1.97%,,https://images.cryptocompare.com/sparkchart/DEGO/USD/latest.png?ts=1655401200
26,Ultra-ULTRA,https://www.cryptocompare.com/coins/ultra/overview/USD,$ 0.2491,$ 1.75 M,$ 1.75 M,$ 249.05 M,C-,9.86%,,https://images.cryptocompare.com/sparkchart/ULTRA/USD/latest.png?ts=1655401200
27,Terra Virtua Kolect-TVK,https://www.cryptocompare.com/coins/tvk/overview/USD,$ 0.03307,$ 1.09 M,$ 1.09 M,$ 39.68 M,,3.43%,,https://images.cryptocompare.com/sparkchart/TVK/USD/latest.png?ts=1655401200
28,Xeno Token-XNO,https://www.cryptocompare.com/coins/xno/overview/USD,$ 0.02188,$ 705.72 k,$ 705.72 k,$ 45.94 M,,3.29%,,https://images.cryptocompare.com/sparkchart/XNO/USD/latest.png?ts=1655401200
29,LUKSO-LYXE,https://www.cryptocompare.com/coins/lyxe/overview/USD,$ 3.946,$ 747.01 k,$ 700.55 k,$ 394.61 M,,3.15%,,https://images.cryptocompare.com/sparkchart/LYXE/USD/latest.png?ts=1655401200
30,Alien Worlds-TLM,https://www.cryptocompare.com/coins/tlm/overview/USD,$ 0.02358,$ 477.79 k,$ 477.79 k,$ 33.50 M,,3.61%,,https://images.cryptocompare.com/sparkchart/TLM/USD/latest.png?ts=1655401200
31,Rarible-RARI,https://www.cryptocompare.com/coins/rari/overview/USD,$ 2.060,$ 462.75 k,$ 462.75 k,$ 51.50 M,,0.49%,,https://images.cryptocompare.com/sparkchart/RARI/USD/latest.png?ts=1655401200
32,Student Coin-STC,https://www.cryptocompare.com/coins/stc/overview/USD,$ 0.004558,$ 415.52 k,$ 415.52 k,$ 45.58 M,,13.27%,,https://images.cryptocompare.com/sparkchart/STC/USD/latest.png?ts=1655401200
33,REVV-REVV,https://www.cryptocompare.com/coins/revv/overview/USD,$ 0.01657,$ 340.98 k,$ 338.13 k,$ 49.72 M,,5.46%,,https://images.cryptocompare.com/sparkchart/REVV/USD/latest.png?ts=1655401200
34,ECOMI-OMI,https://www.cryptocompare.com/coins/omi/overview/USD,$ 0.001145,$ 910.50 k,$ 324.52 k,$ 275.74 M,,-0.53%,,https://images.cryptocompare.com/sparkchart/OMI/USD/latest.png?ts=1655401200
35,Telos-TLOS,https://www.cryptocompare.com/coins/tlos/overview/USD,$ 0.1888,$ 137.27 k,$ 137.27 k,$ 67.08 M,E,0.47%,,https://images.cryptocompare.com/sparkchart/TLOS/USD/latest.png?ts=1655401200
36,Ronin-RON,https://www.cryptocompare.com/coins/ron/overview/USD,$ 0.2630,$ 125.85 k,$ 125.85 k,$ 263.04 M,,4.10%,,https://images.cryptocompare.com/sparkchart/RON/USD/latest.png?ts=1655401200
37,Kalao-KLO,https://www.cryptocompare.com/coins/klo/overview/USD,$ 0.02403,$ 98.89 k,$ 98.89 k,$ 12.01 M,,7.64%,,https://images.cryptocompare.com/sparkchart/KLO/USD/latest.png?ts=1655401200
38,AC Milan Fan Token-ACM,https://www.cryptocompare.com/coins/acm/overview/USD,$ 2.906,$ 96.66 k,$ 96.66 k,$ 58.00 M,,2.15%,,https://images.cryptocompare.com/sparkchart/ACM/USD/latest.png?ts=1655401200
39,Bondly-BONDLY,https://www.cryptocompare.com/coins/bondly/overview/USD,$ 0.009391,$ 68.84 k,$ 68.84 k,$ 9.24 M,,-1.61%,,https://images.cryptocompare.com/sparkchart/BONDLY/USD/latest.png?ts=1655401200
40,UniLayer-LAYER,https://www.cryptocompare.com/coins/layer/overview/USD,$ 0.05274,$ 56.00 k,$ 26.24 k,$ 2.11 M,,7.79%,,https://images.cryptocompare.com/sparkchart/LAYER/USD/latest.png?ts=1655401200
41,Muse DAO-MUSE,https://www.cryptocompare.com/coins/muse/overview/USD,$ 3.564,$ 111.05 k,$ 12.51 k,$ 3.45 M,,-4.74%,,https://images.cryptocompare.com/sparkchart/MUSE/USD/latest.png?ts=1655401200
42,Meme Inu-MEMEINU,https://www.cryptocompare.com/coins/memeinu/overview/USD,$ 0.0005763,$ 43.20 k,"$ 8,737.89",$ 1.16 M,,12.29%,,https://images.cryptocompare.com/sparkchart/MEMEINU/USD/latest.png?ts=1655401200
43,Chain Guardians-CGG,https://www.cryptocompare.com/coins/cgg/overview/USD,$ 0.1261,"$ 6,368.73","$ 6,368.73",$ 15.13 M,,3.18%,,https://images.cryptocompare.com/sparkchart/CGG/USD/latest.png?ts=1655401200
44,Blockchain Cuties Universe Governance-BCUG,https://www.cryptocompare.com/coins/bcug/overview/USD,$ 0.1135,"$ 3,765.46","$ 2,683.16",$ 402.97 k,,-5.11%,,https://images.cryptocompare.com/sparkchart/BCUG/USD/latest.png?ts=1655401200
45,NFTX-NFTX,https://www.cryptocompare.com/coins/nftx/overview/USD,$ 24.89,"$ 2,919.19","$ 2,650.46",$ 16.18 M,,-4.61%,,https://images.cryptocompare.com/sparkchart/NFTX/USD/latest.png?ts=1655401200
46,Ubiq-UBQ,https://www.cryptocompare.com/coins/ubq/overview/USD,$ 0.03399,$ 863.99,$ 863.99,$ 1.63 M,E-,-6.75%,,https://images.cryptocompare.com/sparkchart/UBQ/USD/latest.png?ts=1655401200
47,Abyss Finance-ABYSS,https://www.cryptocompare.com/coins/abyss/overview/USD,$ 0.01499,$ 54.67 k,$ 821.38,$ 7.62 M,D,-1.33%,,https://images.cryptocompare.com/sparkchart/ABYSS/USD/latest.png?ts=1655401200
48,Zap-ZAP,https://www.cryptocompare.com/coins/zap/overview/USD,$ 0.004293,$ 638.13,$ 638.13,$ 2.23 M,E+,-13.72%,,https://images.cryptocompare.com/sparkchart/ZAP/USD/latest.png?ts=1655401200
49,Ethernity Chain-ERN,https://www.cryptocompare.com/coins/ern/overview/USD,$ 1.325,$ 93.61 k,$ 472.05,$ 39.76 M,,3.33%,,https://images.cryptocompare.com/sparkchart/ERN/USD/latest.png?ts=1655401200
50,VIBEHub-VIBE,https://www.cryptocompare.com/coins/vibe/overview/USD,$ 0.005738,$ 331.12,$ 331.12,$ 1.53 M,E+,-2.75%,,https://images.cryptocompare.com/sparkchart/VIBE/USD/latest.png?ts=1655401200
51,Polka City-POLC,https://www.cryptocompare.com/coins/polc/overview/USD,$ 0.05955,$ 101.61 k,$ 324.79,$ 14.89 M,,7.37%,,https://images.cryptocompare.com/sparkchart/POLC/USD/latest.png?ts=1655401200
52,RedFOX Labs-RFOX,https://www.cryptocompare.com/coins/rfox/overview/USD,$ 0.01258,$ 53.46,$ 53.46,$ 25.16 M,,-3.67%,,https://images.cryptocompare.com/sparkchart/RFOX/USD/latest.png?ts=1655401200
53,DMarket-DMT,https://www.cryptocompare.com/coins/dmt/overview/USD,$ 0.002338,$ 18.19,$ 18.59,$ 133.07 k,E+,10.94%,,https://images.cryptocompare.com/sparkchart/DMT/USD/latest.png?ts=1655401200
54,The Famous Token-TFT,https://www.cryptocompare.com/coins/tft/overview/USD,$ 0.01211,$ 1e-12,$ 1e-12,"$ 1,193.20",,0.86%,,https://images.cryptocompare.com/sparkchart/TFT/USD/latest.png?ts=1655401200
55,Oxcert-ZXC,https://www.cryptocompare.com/coins/zxc/overview/USD,$ 0.02796,$ 0,$ 0,$ 9.42 M,,0.71%,,https://images.cryptocompare.com/sparkchart/ZXC/USD/latest.png?ts=1655401200
56,WHALE-WHALE,https://www.cryptocompare.com/coins/whale/overview/USD,$ 1.359,$ 104.05 k,$ 0,$ 13.59 M,,6.58%,,https://images.cryptocompare.com/sparkchart/WHALE/USD/latest.png?ts=1655401200
57,Waifu Token-WAIF,https://www.cryptocompare.com/coins/waif/overview/USD,-,-,-,-,,0.00%,,https://images.cryptocompare.com/sparkchart/WAIF/USD/latest.png?ts=1655401200
58,Unisocks-SOCKS,https://www.cryptocompare.com/coins/socks/overview/USD,-,-,-,-,,0.00%,,https://images.cryptocompare.com/sparkchart/SOCKS/USD/latest.png?ts=1655401200
59,Shroom.Finance-SHROOM,https://www.cryptocompare.com/coins/shroom/overview/USD,$ 0.05142,$ 13.12 k,$ 0,$ 3.37 M,,2.48%,,https://images.cryptocompare.com/sparkchart/SHROOM/USD/latest.png?ts=1655401200
60,FingerprintsDAO-PRINTS,https://www.cryptocompare.com/coins/prints/overview/USD,-,-,-,-,,0.00%,,https://images.cryptocompare.com/sparkchart/PRINTS/USD/latest.png?ts=1655401200
61,Polyient Games Governance Token-PGT,https://www.cryptocompare.com/coins/pgt/overview/USD,$ 33.60,$ 0,$ 0,$ 671.92 k,,0.68%,,https://images.cryptocompare.com/sparkchart/PGT/USD/latest.png?ts=1655401200
62,MurAll-PAINT,https://www.cryptocompare.com/coins/paint/overview/USD,$ 0.00003360,"$ 2,549.07",$ 0,$ 739.71 k,,0.68%,,https://images.cryptocompare.com/sparkchart/PAINT/USD/latest.png?ts=1655401200
63,NFTX Hashmasks Index-NFTXHI,https://www.cryptocompare.com/coins/nftxhi/overview/USD,-,-,-,-,,0.00%,,https://images.cryptocompare.com/sparkchart/NFTXHI/USD/latest.png?ts=1655401200
64,Monavale-MONAV,https://www.cryptocompare.com/coins/monav/overview/USD,-,-,-,-,,0.00%,,https://images.cryptocompare.com/sparkchart/MONAV/USD/latest.png?ts=1655401200
65,Meme-MEME,https://www.cryptocompare.com/coins/meme/overview/USD,$ 158.08,$ 0,$ 0,$ 1.69 M,E-,-0.01%,,https://images.cryptocompare.com/sparkchart/MEME/USD/latest.png?ts=1655401200
66,NFTLootBox-LOOT,https://www.cryptocompare.com/coins/loot/overview/USD,$ 9.399,$ 1.22 M,$ 0,$ 375.96 k,,-1.36%,,https://images.cryptocompare.com/sparkchart/LOOT/USD/latest.png?ts=1655401200
67,Gourmet Galaxy-GUM,https://www.cryptocompare.com/coins/gum/overview/USD,$ 0.07582,$ 3e-15,$ 0,$ 1.52 M,,0.69%,,https://images.cryptocompare.com/sparkchart/GUM/USD/latest.png?ts=1655401200
68,Gameswap-GSWAP,https://www.cryptocompare.com/coins/gswap/overview/USD,$ 0.2291,$ 13.61 k,$ 0,$ 4.58 M,,-13.30%,,https://images.cryptocompare.com/sparkchart/GSWAP/USD/latest.png?ts=1655401200
69,Guaranteed Entrance Token-GET,https://www.cryptocompare.com/coins/get/overview/USD,$ 0.8397,$ 0,$ 0,$ 28.02 M,,0.84%,,https://images.cryptocompare.com/sparkchart/GET/USD/latest.png?ts=1655401200
70,DomRaider-DRT,https://www.cryptocompare.com/coins/drt/overview/USD,$ 0.0003920,$ 0,$ 0,$ 509.62 k,,0.69%,,https://images.cryptocompare.com/sparkchart/DRT/USD/latest.png?ts=1655401200
71,Doki Doki Finance-DOKI,https://www.cryptocompare.com/coins/doki/overview/USD,$ 9.409,$ 0,$ 0,$ 470.42 k,,0.69%,,https://images.cryptocompare.com/sparkchart/DOKI/USD/latest.png?ts=1655401200
72,Crowns-CWS,https://www.cryptocompare.com/coins/cws/overview/USD,-,-,-,-,,0.00%,,https://images.cryptocompare.com/sparkchart/CWS/USD/latest.png?ts=1655401200
73,Circuits of Value-COVAL,https://www.cryptocompare.com/coins/coval/overview/USD,$ 0.002125,$ 0,$ 0,$ 3.78 M,,0.84%,,https://images.cryptocompare.com/sparkchart/COVAL/USD/latest.png?ts=1655401200
74,Cat Token-CAT,https://www.cryptocompare.com/coins/cat/overview/USD,$ 0.06709,"$ 9,850.41",$ 0,$ 737.97 k,,20.34%,,https://images.cryptocompare.com/sparkchart/CAT/USD/latest.png?ts=1655401200
75,Azuki-AZUKI,https://www.cryptocompare.com/coins/azuki/overview/USD,-,-,-,-,,0.00%,,https://images.cryptocompare.com/sparkchart/AZUKI/USD/latest.png?ts=1655401200
76,AetherV2-ATH,https://www.cryptocompare.com/coins/ath/overview/USD,$ 0.0004250,$ 0,$ 0,$ 298.07 k,,0.84%,,https://images.cryptocompare.com/sparkchart/ATH/USD/latest.png?ts=1655401200
77,Artfinity Token-ARTF,https://www.cryptocompare.com/coins/artf/overview/USD,$ 0.00001299,$ 0,$ 0,$ 12.99 k,,-0.01%,,https://images.cryptocompare.com/sparkchart/ARTF/USD/latest.png?ts=1655401200
